promoter_rpu,translation_rate,gene_length,terminator_efficiency,protein_yield
0.56,0.057915,765,0.85,415097.6847
0.56,0.057915,765,0.9,439515.1955
0.56,0.057915,765,0.95,463932.7064
0.56,0.057915,102,0.85,594800.548
0.56,0.057915,102,0.9,629788.8155
0.56,0.057915,102,0.95,664777.0831
0.56,0.057915,684,0.85,422202.8653
0.56,0.057915,684,0.9,447038.3279
0.56,0.057915,684,0.95,471873.7906
0.56,0.057915,292,0.85,485326.6849
0.56,0.057915,292,0.9,513875.3134
0.56,0.057915,292,0.95,542423.942
0.56,0.057915,564,0.85,435034.7412
0.56,0.057915,564,0.9,460625.0201
0.56,0.057915,564,0.95,486215.299
0.56,0.057915,402,0.85,459538.0054
0.56,0.057915,402,0.9,486569.6528
0.56,0.057915,402,0.95,513601.3001
0.56,0.057915,1086,0.85,394316.9207
0.56,0.057915,1086,0.9,417512.0337
0.56,0.057915,1086,0.95,440707.1466
0.56,0.057915,1586,0.85,374069.0231
0.56,0.057915,1586,0.9,396073.0833
0.56,0.057915,1586,0.95,418077.1434
0.56,0.057915,1291,0.85,384807.3504
0.56,0.057915,1291,0.9,407443.0769
0.56,0.057915,1291,0.95,430078.8034
0.56,0.057915,1119,0.85,392637.2845
0.56,0.057915,1119,0.9,415733.5954
0.56,0.057915,1119,0.95,438829.9062
0.56,0.057915,453,0.85,450587.6995
0.56,0.057915,453,0.9,477092.8583
0.56,0.057915,453,0.95,503598.0171
0.56,0.057915,1164,0.85,390446.6497
0.56,0.057915,1164,0.9,413414.0996
0.56,0.057915,1164,0.95,436381.5496
0.56,0.057915,906,0.85,404799.0717
0.56,0.057915,906,0.9,428610.7818
0.56,0.057915,906,0.95,452422.4919
0.56,0.057915,2202,0.85,358130.8682
0.56,0.057915,2202,0.9,379197.3899
0.56,0.057915,2202,0.95,400263.9115
0.56,0.057915,1863,0.85,366077.5069
0.56,0.057915,1863,0.9,387611.4778
0.56,0.057915,1863,0.95,409145.4488
0.56,0.057915,114,0.85,580986.0431
0.56,0.057915,114,0.9,615161.6927
0.56,0.057915,114,0.95,649337.3423
0.56,0.057915,2508,0.85,352180.1593
0.56,0.057915,2508,0.9,372896.6392
0.56,0.057915,2508,0.95,393613.1192
0.56,0.057915,1080,0.85,394629.3575
0.56,0.057915,1080,0.9,417842.8491
0.56,0.057915,1080,0.95,441056.3407
0.56,0.057915,210,0.85,515099.4801
0.56,0.057915,210,0.9,545399.4495
0.56,0.057915,210,0.95,575699.4189
0.56,0.057915,731,0.85,417954.9844
0.56,0.057915,731,0.9,442540.5718
0.56,0.057915,731,0.95,467126.1591
0.56,0.057915,1941,0.85,364095.4813
0.56,0.057915,1941,0.9,385512.8625
0.56,0.057915,1941,0.95,406930.2438
0.56,0.057915,2097,0.85,360417.4567
0.56,0.057915,2097,0.9,381618.4836
0.56,0.057915,2097,0.95,402819.5105
0.56,0.057915,249,0.85,499277.1629
0.56,0.057915,249,0.9,528646.4078
0.56,0.057915,249,0.95,558015.6526
0.56,0.057915,986,0.85,399836.2976
0.56,0.057915,986,0.9,423356.0799
0.56,0.057915,986,0.95,446875.8621
0.56,0.057915,96,0.85,602604.0454
0.56,0.057915,96,0.9,638051.3422
0.56,0.057915,96,0.95,673498.6389
0.56,0.057915,753,0.85,416086.9559
0.56,0.057915,753,0.9,440562.6592
0.56,0.057915,753,0.95,465038.3625
0.56,0.057915,741,0.85,417096.9396
0.56,0.057915,741,0.9,441632.0537
0.56,0.057915,741,0.95,466167.1678
0.56,0.057915,359,0.85,468347.0301
0.56,0.057915,359,0.9,495896.8554
0.56,0.057915,359,0.95,523446.6807
0.56,0.057915,354,0.85,469462.5416
0.56,0.057915,354,0.9,497077.9852
0.56,0.057915,354,0.95,524693.4289
0.56,0.057915,1437,0.85,379141.2605
0.56,0.057915,1437,0.9,401443.6876
0.56,0.057915,1437,0.95,423746.1146
0.56,0.057915,813,0.85,411333.2803
0.56,0.057915,813,0.9,435529.3557
0.56,0.057915,813,0.95,459725.431
0.56,0.057915,279,0.85,489235.5414
0.56,0.057915,279,0.9,518014.1026
0.56,0.057915,279,0.95,546792.6639
0.56,0.057915,747,0.85,416589.3102
0.56,0.057915,747,0.9,441094.5638
0.56,0.057915,747,0.95,465599.8173
0.56,0.057915,363,0.85,467469.4614
0.56,0.057915,363,0.9,494967.665
0.56,0.057915,363,0.95,522465.8686
0.56,0.057915,1439,0.85,379068.8014
0.56,0.057915,1439,0.9,401366.9662
0.56,0.057915,1439,0.95,423665.131
0.56,0.057915,675,0.85,423059.8004
0.56,0.057915,675,0.9,447945.671
0.56,0.057915,675,0.95,472831.5416
0.56,0.057915,186,0.85,526989.5053
0.56,0.057915,186,0.9,557988.8879
0.56,0.057915,186,0.95,588988.2706
0.56,0.057915,57,0.85,678925.7563
0.56,0.057915,57,0.9,718862.5655
0.56,0.057915,57,0.95,758799.3747
0.56,0.057915,819,0.85,410883.0368
0.56,0.057915,819,0.9,435052.6272
0.56,0.057915,819,0.95,459222.2176
0.56,0.057915,706,0.85,420168.6415
0.56,0.057915,706,0.9,444884.444
0.56,0.057915,706,0.95,469600.2464
0.56,0.057915,472,0.85,447588.3499
0.56,0.057915,472,0.9,473917.0764
0.56,0.057915,472,0.95,500245.8029
0.56,0.057915,354,0.85,469462.5416
0.56,0.057915,354,0.9,497077.9852
0.56,0.057915,354,0.95,524693.4289
0.56,0.057915,891,0.85,405792.7556
0.56,0.057915,891,0.9,429662.9177
0.56,0.057915,891,0.95,453533.0798
0.56,0.057915,714,0.85,419449.3046
0.56,0.057915,714,0.9,444122.7931
0.56,0.057915,714,0.95,468796.2816
0.56,0.057915,1296,0.85,384599.9902
0.56,0.057915,1296,0.9,407223.519
0.56,0.057915,1296,0.95,429847.0479
0.56,0.057915,3636,0.85,336232.2367
0.56,0.057915,3636,0.9,356010.6035
0.56,0.057915,3636,0.95,375788.9704
0.56,0.057915,762,0.85,415343.1024
0.56,0.057915,762,0.9,439775.0496
0.56,0.057915,762,0.95,464206.9968
0.56,0.057915,2283,0.85,356458.7711
0.56,0.057915,2283,0.9,377426.9342
0.56,0.057915,2283,0.95,398395.0972
0.56,0.057915,325,0.85,476376.0545
0.56,0.057915,325,0.9,504398.1753
0.56,0.057915,325,0.95,532420.2962
0.56,0.057915,42,0.85,732941.4169
0.56,0.057915,42,0.9,776055.6179
0.56,0.057915,42,0.95,819169.8189
0.56,0.001642,765,0.85,11771.8819
0.56,0.001642,765,0.9,12464.3456
0.56,0.001642,765,0.95,13156.8092
0.56,0.001642,102,0.85,16868.1303
0.56,0.001642,102,0.9,17860.3732
0.56,0.001642,102,0.95,18852.6162
0.56,0.001642,684,0.85,11973.3799
0.56,0.001642,684,0.9,12677.6964
0.56,0.001642,684,0.95,13382.0128
0.56,0.001642,292,0.85,13763.5276
0.56,0.001642,292,0.9,14573.1469
0.56,0.001642,292,0.95,15382.7661
0.56,0.001642,564,0.85,12337.283
0.56,0.001642,564,0.9,13063.0055
0.56,0.001642,564,0.95,13788.7281
0.56,0.001642,402,0.85,13032.1786
0.56,0.001642,402,0.9,13798.7773
0.56,0.001642,402,0.95,14565.376
0.56,0.001642,1086,0.85,11182.5539
0.56,0.001642,1086,0.9,11840.3512
0.56,0.001642,1086,0.95,12498.1485
0.56,0.001642,1586,0.85,10608.3376
0.56,0.001642,1586,0.9,11232.3575
0.56,0.001642,1586,0.95,11856.3773
0.56,0.001642,1291,0.85,10912.8691
0.56,0.001642,1291,0.9,11554.8026
0.56,0.001642,1291,0.95,12196.7361
0.56,0.001642,1119,0.85,11134.9206
0.56,0.001642,1119,0.9,11789.9159
0.56,0.001642,1119,0.95,12444.9112
0.56,0.001642,453,0.85,12778.3541
0.56,0.001642,453,0.9,13530.022
0.56,0.001642,453,0.95,14281.6899
0.56,0.001642,1164,0.85,11072.7957
0.56,0.001642,1164,0.9,11724.1366
0.56,0.001642,1164,0.95,12375.4776
0.56,0.001642,906,0.85,11479.8204
0.56,0.001642,906,0.9,12155.104
0.56,0.001642,906,0.95,12830.3875
0.56,0.001642,2202,0.85,10156.3426
0.56,0.001642,2202,0.9,10753.7745
0.56,0.001642,2202,0.95,11351.2064
0.56,0.001642,1863,0.85,10381.7037
0.56,0.001642,1863,0.9,10992.3922
0.56,0.001642,1863,0.95,11603.0807
0.56,0.001642,114,0.85,16476.3605
0.56,0.001642,114,0.9,17445.5582
0.56,0.001642,114,0.95,18414.7559
0.56,0.001642,2508,0.85,9987.5846
0.56,0.001642,2508,0.9,10575.0896
0.56,0.001642,2508,0.95,11162.5946
0.56,0.001642,1080,0.85,11191.4144
0.56,0.001642,1080,0.9,11849.7329
0.56,0.001642,1080,0.95,12508.0514
0.56,0.001642,210,0.85,14607.8634
0.56,0.001642,210,0.9,15467.1495
0.56,0.001642,210,0.95,16326.4355
0.56,0.001642,731,0.85,11852.913
0.56,0.001642,731,0.9,12550.1431
0.56,0.001642,731,0.95,13247.3733
0.56,0.001642,1941,0.85,10325.4949
0.56,0.001642,1941,0.9,10932.8769
0.56,0.001642,1941,0.95,11540.259
0.56,0.001642,2097,0.85,10221.1887
0.56,0.001642,2097,0.9,10822.4351
0.56,0.001642,2097,0.95,11423.6814
0.56,0.001642,249,0.85,14159.1534
0.56,0.001642,249,0.9,14992.0448
0.56,0.001642,249,0.95,15824.9362
0.56,0.001642,986,0.85,11339.0796
0.56,0.001642,986,0.9,12006.0843
0.56,0.001642,986,0.95,12673.089
0.56,0.001642,96,0.85,17089.432
0.56,0.001642,96,0.9,18094.6928
0.56,0.001642,96,0.95,19099.9535
0.56,0.001642,753,0.85,11799.937
0.56,0.001642,753,0.9,12494.0509
0.56,0.001642,753,0.95,13188.1649
0.56,0.001642,741,0.85,11828.5794
0.56,0.001642,741,0.9,12524.3782
0.56,0.001642,741,0.95,13220.177
0.56,0.001642,359,0.85,13281.9964
0.56,0.001642,359,0.9,14063.2903
0.56,0.001642,359,0.95,14844.5842
0.56,0.001642,354,0.85,13313.6315
0.56,0.001642,354,0.9,14096.7863
0.56,0.001642,354,0.95,14879.9411
0.56,0.001642,1437,0.85,10752.1827
0.56,0.001642,1437,0.9,11384.6641
0.56,0.001642,1437,0.95,12017.1454
0.56,0.001642,813,0.85,11665.126
0.56,0.001642,813,0.9,12351.3099
0.56,0.001642,813,0.95,13037.4938
0.56,0.001642,279,0.85,13874.38
0.56,0.001642,279,0.9,14690.52
0.56,0.001642,279,0.95,15506.66
0.56,0.001642,747,0.85,11814.1834
0.56,0.001642,747,0.9,12509.1354
0.56,0.001642,747,0.95,13204.0873
0.56,0.001642,363,0.85,13257.1091
0.56,0.001642,363,0.9,14036.9391
0.56,0.001642,363,0.95,14816.769
0.56,0.001642,1439,0.85,10750.1278
0.56,0.001642,1439,0.9,11382.4883
0.56,0.001642,1439,0.95,12014.8488
0.56,0.001642,675,0.85,11997.682
0.56,0.001642,675,0.9,12703.428
0.56,0.001642,675,0.95,13409.174
0.56,0.001642,186,0.85,14945.0562
0.56,0.001642,186,0.9,15824.1772
0.56,0.001642,186,0.95,16703.2981
0.56,0.001642,57,0.85,19253.8627
0.56,0.001642,57,0.9,20386.4429
0.56,0.001642,57,0.95,21519.0231
0.56,0.001642,819,0.85,11652.3574
0.56,0.001642,819,0.9,12337.7902
0.56,0.001642,819,0.95,13023.223
0.56,0.001642,706,0.85,11915.6907
0.56,0.001642,706,0.9,12616.6137
0.56,0.001642,706,0.95,13317.5367
0.56,0.001642,472,0.85,12693.2946
0.56,0.001642,472,0.9,13439.959
0.56,0.001642,472,0.95,14186.6234
0.56,0.001642,354,0.85,13313.6315
0.56,0.001642,354,0.9,14096.7863
0.56,0.001642,354,0.95,14879.9411
0.56,0.001642,891,0.85,11508.0006
0.56,0.001642,891,0.9,12184.9418
0.56,0.001642,891,0.95,12861.883
0.56,0.001642,714,0.85,11895.2908
0.56,0.001642,714,0.9,12595.0138
0.56,0.001642,714,0.95,13294.7368
0.56,0.001642,1296,0.85,10906.9885
0.56,0.001642,1296,0.9,11548.5761
0.56,0.001642,1296,0.95,12190.1636
0.56,0.001642,3636,0.85,9535.3126
0.56,0.001642,3636,0.9,10096.2134
0.56,0.001642,3636,0.95,10657.1141
0.56,0.001642,762,0.85,11778.8418
0.56,0.001642,762,0.9,12471.7149
0.56,0.001642,762,0.95,13164.5879
0.56,0.001642,2283,0.85,10108.9231
0.56,0.001642,2283,0.9,10703.5656
0.56,0.001642,2283,0.95,11298.2082
0.56,0.001642,325,0.85,13509.6939
0.56,0.001642,325,0.9,14304.3818
0.56,0.001642,325,0.95,15099.0697
0.56,0.001642,42,0.85,20785.7093
0.56,0.001642,42,0.9,22008.3981
0.56,0.001642,42,0.95,23231.0869
0.56,0.013176,765,0.85,94435.9997
0.56,0.013176,765,0.9,99991.0585
0.56,0.013176,765,0.95,105546.1174
0.56,0.013176,102,0.85,135318.9538
0.56,0.013176,102,0.9,143278.8922
0.56,0.013176,102,0.95,151238.8307
0.56,0.013176,684,0.85,96052.4502
0.56,0.013176,684,0.9,101702.5943
0.56,0.013176,684,0.95,107352.7384
0.56,0.013176,292,0.85,110413.3133
0.56,0.013176,292,0.9,116908.214
0.56,0.013176,292,0.95,123403.1148
0.56,0.013176,564,0.85,98971.7414
0.56,0.013176,564,0.9,104793.6086
0.56,0.013176,564,0.95,110615.4757
0.56,0.013176,402,0.85,104546.3094
0.56,0.013176,402,0.9,110696.0923
0.56,0.013176,402,0.95,116845.8752
0.56,0.013176,1086,0.85,89708.312
0.56,0.013176,1086,0.9,94985.2716
0.56,0.013176,1086,0.95,100262.2311
0.56,0.013176,1586,0.85,85101.8531
0.56,0.013176,1586,0.9,90107.8444
0.56,0.013176,1586,0.95,95113.8358
0.56,0.013176,1291,0.85,87544.8555
0.56,0.013176,1291,0.9,92694.5529
0.56,0.013176,1291,0.95,97844.2503
0.56,0.013176,1119,0.85,89326.1896
0.56,0.013176,1119,0.9,94580.6714
0.56,0.013176,1119,0.95,99835.1531
0.56,0.013176,453,0.85,102510.0873
0.56,0.013176,453,0.9,108540.0924
0.56,0.013176,453,0.95,114570.0975
0.56,0.013176,1164,0.85,88827.8135
0.56,0.013176,1164,0.9,94052.979
0.56,0.013176,1164,0.95,99278.1445
0.56,0.013176,906,0.85,92093.0336
0.56,0.013176,906,0.9,97510.2709
0.56,0.013176,906,0.95,102927.5082
0.56,0.013176,2202,0.85,81475.8738
0.56,0.013176,2202,0.9,86268.5723
0.56,0.013176,2202,0.95,91061.2707
0.56,0.013176,1863,0.85,83283.7585
0.56,0.013176,1863,0.9,88182.8032
0.56,0.013176,1863,0.95,93081.8478
0.56,0.013176,114,0.85,132176.1114
0.56,0.013176,114,0.9,139951.1768
0.56,0.013176,114,0.95,147726.2422
0.56,0.013176,2508,0.85,80122.0692
0.56,0.013176,2508,0.9,84835.1321
0.56,0.013176,2508,0.95,89548.195
0.56,0.013176,1080,0.85,89779.3924
0.56,0.013176,1080,0.9,95060.5331
0.56,0.013176,1080,0.95,100341.6738
0.56,0.013176,210,0.85,117186.7157
0.56,0.013176,210,0.9,124080.0519
0.56,0.013176,210,0.95,130973.3882
0.56,0.013176,731,0.85,95086.0442
0.56,0.013176,731,0.9,100679.3409
0.56,0.013176,731,0.95,106272.6377
0.56,0.013176,1941,0.85,82832.8416
0.56,0.013176,1941,0.9,87705.3617
0.56,0.013176,1941,0.95,92577.8818
0.56,0.013176,2097,0.85,81996.0797
0.56,0.013176,2097,0.9,86819.3785
0.56,0.013176,2097,0.95,91642.6774
0.56,0.013176,249,0.85,113587.0899
0.56,0.013176,249,0.9,120268.6834
0.56,0.013176,249,0.95,126950.2769
0.56,0.013176,986,0.85,90963.9873
0.56,0.013176,986,0.9,96314.81
0.56,0.013176,986,0.95,101665.6328
0.56,0.013176,96,0.85,137094.2734
0.56,0.013176,96,0.9,145158.6424
0.56,0.013176,96,0.95,153223.0115
0.56,0.013176,753,0.85,94661.062
0.56,0.013176,753,0.9,100229.3598
0.56,0.013176,753,0.95,105797.6575
0.56,0.013176,741,0.85,94890.8364
0.56,0.013176,741,0.9,100472.6503
0.56,0.013176,741,0.95,106054.4642
0.56,0.013176,359,0.85,106550.3896
0.56,0.013176,359,0.9,112818.0596
0.56,0.013176,359,0.95,119085.7295
0.56,0.013176,354,0.85,106804.1719
0.56,0.013176,354,0.9,113086.7702
0.56,0.013176,354,0.95,119369.3686
0.56,0.013176,1437,0.85,86255.8027
0.56,0.013176,1437,0.9,91329.6734
0.56,0.013176,1437,0.95,96403.5442
0.56,0.013176,813,0.85,93579.5862
0.56,0.013176,813,0.9,99084.2677
0.56,0.013176,813,0.95,104588.9493
0.56,0.013176,279,0.85,111302.5901
0.56,0.013176,279,0.9,117849.8013
0.56,0.013176,279,0.95,124397.0125
0.56,0.013176,747,0.85,94775.3491
0.56,0.013176,747,0.9,100350.3697
0.56,0.013176,747,0.95,105925.3902
0.56,0.013176,363,0.85,106350.74
0.56,0.013176,363,0.9,112606.6659
0.56,0.013176,363,0.95,118862.5918
0.56,0.013176,1439,0.85,86239.318
0.56,0.013176,1439,0.9,91312.2191
0.56,0.013176,1439,0.95,96385.1201
0.56,0.013176,675,0.85,96247.4056
0.56,0.013176,675,0.9,101909.0176
0.56,0.013176,675,0.95,107570.6297
0.56,0.013176,186,0.85,119891.733
0.56,0.013176,186,0.9,126944.1879
0.56,0.013176,186,0.95,133996.6428
0.56,0.013176,57,0.85,154457.6974
0.56,0.013176,57,0.9,163543.4443
0.56,0.013176,57,0.95,172629.1912
0.56,0.013176,819,0.85,93477.1544
0.56,0.013176,819,0.9,98975.8105
0.56,0.013176,819,0.95,104474.4667
0.56,0.013176,706,0.85,95589.658
0.56,0.013176,706,0.9,101212.5791
0.56,0.013176,706,0.95,106835.5001
0.56,0.013176,472,0.85,101827.726
0.56,0.013176,472,0.9,107817.5922
0.56,0.013176,472,0.95,113807.4585
0.56,0.013176,354,0.85,106804.1719
0.56,0.013176,354,0.9,113086.7702
0.56,0.013176,354,0.95,119369.3686
0.56,0.013176,891,0.85,92319.0998
0.56,0.013176,891,0.9,97749.635
0.56,0.013176,891,0.95,103180.1703
0.56,0.013176,714,0.85,95426.0067
0.56,0.013176,714,0.9,101039.3012
0.56,0.013176,714,0.95,106652.5957
0.56,0.013176,1296,0.85,87497.6805
0.56,0.013176,1296,0.9,92644.6028
0.56,0.013176,1296,0.95,97791.5252
0.56,0.013176,3636,0.85,76493.8678
0.56,0.013176,3636,0.9,80993.5071
0.56,0.013176,3636,0.95,85493.1464
0.56,0.013176,762,0.85,94491.833
0.56,0.013176,762,0.9,100050.1761
0.56,0.013176,762,0.95,105608.5193
0.56,0.013176,2283,0.85,81095.4666
0.56,0.013176,2283,0.9,85865.7882
0.56,0.013176,2283,0.95,90636.1097
0.56,0.013176,325,0.85,108377.0173
0.56,0.013176,325,0.9,114752.136
0.56,0.013176,325,0.95,121127.2546
0.56,0.013176,42,0.85,166746.4262
0.56,0.013176,42,0.9,176555.0395
0.56,0.013176,42,0.95,186363.6529
0.56,0.025963,765,0.85,186083.6189
0.56,0.025963,765,0.9,197029.7141
0.56,0.025963,765,0.95,207975.8094
0.56,0.025963,102,0.85,266642.3895
0.56,0.025963,102,0.9,282327.2359
0.56,0.025963,102,0.95,298012.0823
0.56,0.025963,684,0.85,189268.7914
0.56,0.025963,684,0.9,200402.2497
0.56,0.025963,684,0.95,211535.708
0.56,0.025963,292,0.85,217566.4891
0.56,0.025963,292,0.9,230364.5179
0.56,0.025963,292,0.95,243162.5466
0.56,0.025963,564,0.85,195021.1769
0.56,0.025963,564,0.9,206493.0108
0.56,0.025963,564,0.95,217964.8448
0.56,0.025963,402,0.85,206005.7144
0.56,0.025963,402,0.9,218123.6976
0.56,0.025963,402,0.95,230241.6808
0.56,0.025963,1086,0.85,176767.8364
0.56,0.025963,1086,0.9,187165.9444
0.56,0.025963,1086,0.95,197564.0524
0.56,0.025963,1586,0.85,167690.9318
0.56,0.025963,1586,0.9,177555.1043
0.56,0.025963,1586,0.95,187419.2767
0.56,0.025963,1291,0.85,172504.8031
0.56,0.025963,1291,0.9,182652.1444
0.56,0.025963,1291,0.95,192799.4858
0.56,0.025963,1119,0.85,176014.8744
0.56,0.025963,1119,0.9,186368.6905
0.56,0.025963,1119,0.95,196722.5067
0.56,0.025963,453,0.85,201993.393
0.56,0.025963,453,0.9,213875.3573
0.56,0.025963,453,0.95,225757.3216
0.56,0.025963,1164,0.85,175032.8374
0.56,0.025963,1164,0.9,185328.8867
0.56,0.025963,1164,0.95,195624.936
0.56,0.025963,906,0.85,181466.8667
0.56,0.025963,906,0.9,192141.3882
0.56,0.025963,906,0.95,202815.9098
0.56,0.025963,2202,0.85,160546.0364
0.56,0.025963,2202,0.9,169989.9209
0.56,0.025963,2202,0.95,179433.8054
0.56,0.025963,1863,0.85,164108.4251
0.56,0.025963,1863,0.9,173761.8618
0.56,0.025963,1863,0.95,183415.2986
0.56,0.025963,114,0.85,260449.5024
0.56,0.025963,114,0.9,275770.0614
0.56,0.025963,114,0.95,291090.6204
0.56,0.025963,2508,0.85,157878.4006
0.56,0.025963,2508,0.9,167165.3653
0.56,0.025963,2508,0.95,176452.3301
0.56,0.025963,1080,0.85,176907.8983
0.56,0.025963,1080,0.9,187314.2452
0.56,0.025963,1080,0.95,197720.5922
0.56,0.025963,210,0.85,230913.298
0.56,0.025963,210,0.9,244496.4332
0.56,0.025963,210,0.95,258079.5683
0.56,0.025963,731,0.85,187364.5142
0.56,0.025963,731,0.9,198385.9562
0.56,0.025963,731,0.95,209407.3983
0.56,0.025963,1941,0.85,163219.9053
0.56,0.025963,1941,0.9,172821.0762
0.56,0.025963,1941,0.95,182422.2471
0.56,0.025963,2097,0.85,161571.0883
0.56,0.025963,2097,0.9,171075.27
0.56,0.025963,2097,0.95,180579.4517
0.56,0.025963,249,0.85,223820.3313
0.56,0.025963,249,0.9,236986.2332
0.56,0.025963,249,0.95,250152.135
0.56,0.025963,986,0.85,179242.1109
0.56,0.025963,986,0.9,189785.7645
0.56,0.025963,986,0.95,200329.4181
0.56,0.025963,96,0.85,270140.6095
0.56,0.025963,96,0.9,286031.2336
0.56,0.025963,96,0.95,301921.8577
0.56,0.025963,753,0.85,186527.0981
0.56,0.025963,753,0.9,197499.2803
0.56,0.025963,753,0.95,208471.4625
0.56,0.025963,741,0.85,186979.8624
0.56,0.025963,741,0.9,197978.6778
0.56,0.025963,741,0.95,208977.4933
0.56,0.025963,359,0.85,209954.701
0.56,0.025963,359,0.9,222304.9775
0.56,0.025963,359,0.95,234655.2541
0.56,0.025963,354,0.85,210454.7722
0.56,0.025963,354,0.9,222834.4647
0.56,0.025963,354,0.95,235214.1572
0.56,0.025963,1437,0.85,169964.7587
0.56,0.025963,1437,0.9,179962.6857
0.56,0.025963,1437,0.95,189960.6127
0.56,0.025963,813,0.85,184396.0788
0.56,0.025963,813,0.9,195242.907
0.56,0.025963,813,0.95,206089.7352
0.56,0.025963,279,0.85,219318.7854
0.56,0.025963,279,0.9,232219.8905
0.56,0.025963,279,0.95,245120.9955
0.56,0.025963,747,0.85,186752.2979
0.56,0.025963,747,0.9,197737.7271
0.56,0.025963,747,0.95,208723.1564
0.56,0.025963,363,0.85,209561.2968
0.56,0.025963,363,0.9,221888.4319
0.56,0.025963,363,0.95,234215.567
0.56,0.025963,1439,0.85,169932.2762
0.56,0.025963,1439,0.9,179928.2924
0.56,0.025963,1439,0.95,189924.3086
0.56,0.025963,675,0.85,189652.9458
0.56,0.025963,675,0.9,200809.0014
0.56,0.025963,675,0.95,211965.057
0.56,0.025963,186,0.85,236243.4624
0.56,0.025963,186,0.9,250140.1367
0.56,0.025963,186,0.95,264036.8109
0.56,0.025963,57,0.85,304354.7733
0.56,0.025963,57,0.9,322257.9953
0.56,0.025963,57,0.95,340161.2172
0.56,0.025963,819,0.85,184194.2397
0.56,0.025963,819,0.9,195029.195
0.56,0.025963,819,0.95,205864.1503
0.56,0.025963,706,0.85,188356.8718
0.56,0.025963,706,0.9,199436.6878
0.56,0.025963,706,0.95,210516.5038
0.56,0.025963,472,0.85,200648.8184
0.56,0.025963,472,0.9,212451.69
0.56,0.025963,472,0.95,224254.5617
0.56,0.025963,354,0.85,210454.7722
0.56,0.025963,354,0.9,222834.4647
0.56,0.025963,354,0.95,235214.1572
0.56,0.025963,891,0.85,181912.324
0.56,0.025963,891,0.9,192613.0489
0.56,0.025963,891,0.95,203313.7738
0.56,0.025963,714,0.85,188034.4011
0.56,0.025963,714,0.9,199095.2483
0.56,0.025963,714,0.95,210156.0954
0.56,0.025963,1296,0.85,172411.8458
0.56,0.025963,1296,0.9,182553.7191
0.56,0.025963,1296,0.95,192695.5924
0.56,0.025963,3636,0.85,150729.1264
0.56,0.025963,3636,0.9,159595.5456
0.56,0.025963,3636,0.95,168461.9648
0.56,0.025963,762,0.85,186193.6369
0.56,0.025963,762,0.9,197146.2038
0.56,0.025963,762,0.95,208098.7707
0.56,0.025963,2283,0.85,159796.4541
0.56,0.025963,2283,0.9,169196.2455
0.56,0.025963,2283,0.95,178596.037
0.56,0.025963,325,0.85,213554.0222
0.56,0.025963,325,0.9,226116.0235
0.56,0.025963,325,0.95,238678.0248
0.56,0.025963,42,0.85,328569.3858
0.56,0.025963,42,0.9,347896.9968
0.56,0.025963,42,0.95,367224.6077
0.56,0.002076,765,0.85,14879.6356
0.56,0.002076,765,0.9,15754.9083
0.56,0.002076,765,0.95,16630.181
0.56,0.002076,102,0.85,21321.2835
0.56,0.002076,102,0.9,22575.4767
0.56,0.002076,102,0.95,23829.6698
0.56,0.002076,684,0.85,15134.3287
0.56,0.002076,684,0.9,16024.5833
0.56,0.002076,684,0.95,16914.838
0.56,0.002076,292,0.85,17397.0718
0.56,0.002076,292,0.9,18420.429
0.56,0.002076,292,0.95,19443.7862
0.56,0.002076,564,0.85,15594.3015
0.56,0.002076,564,0.9,16511.6133
0.56,0.002076,564,0.95,17428.9252
0.56,0.002076,402,0.85,16472.6481
0.56,0.002076,402,0.9,17441.6274
0.56,0.002076,402,0.95,18410.6067
0.56,0.002076,1086,0.85,14134.7262
0.56,0.002076,1086,0.9,14966.1806
0.56,0.002076,1086,0.95,15797.6351
0.56,0.002076,1586,0.85,13408.9179
0.56,0.002076,1586,0.9,14197.6778
0.56,0.002076,1586,0.95,14986.4376
0.56,0.002076,1291,0.85,13793.8451
0.56,0.002076,1291,0.9,14605.2478
0.56,0.002076,1291,0.95,15416.6504
0.56,0.002076,1119,0.85,14074.5177
0.56,0.002076,1119,0.9,14902.4306
0.56,0.002076,1119,0.95,15730.3434
0.56,0.002076,453,0.85,16151.8145
0.56,0.002076,453,0.9,17101.9212
0.56,0.002076,453,0.95,18052.0279
0.56,0.002076,1164,0.85,13995.992
0.56,0.002076,1164,0.9,14819.2857
0.56,0.002076,1164,0.95,15642.5793
0.56,0.002076,906,0.85,14510.4705
0.56,0.002076,906,0.9,15364.0275
0.56,0.002076,906,0.95,16217.5846
0.56,0.002076,2202,0.85,12837.5971
0.56,0.002076,2202,0.9,13592.7499
0.56,0.002076,2202,0.95,14347.9026
0.56,0.002076,1863,0.85,13122.4531
0.56,0.002076,1863,0.9,13894.3621
0.56,0.002076,1863,0.95,14666.2712
0.56,0.002076,114,0.85,20826.0873
0.56,0.002076,114,0.9,22051.1513
0.56,0.002076,114,0.95,23276.2152
0.56,0.002076,2508,0.85,12624.2873
0.56,0.002076,2508,0.9,13366.8925
0.56,0.002076,2508,0.95,14109.4976
0.56,0.002076,1080,0.85,14145.9258
0.56,0.002076,1080,0.9,14978.0391
0.56,0.002076,1080,0.95,15810.1524
0.56,0.002076,210,0.85,18464.3106
0.56,0.002076,210,0.9,19550.4465
0.56,0.002076,210,0.95,20636.5824
0.56,0.002076,731,0.85,14982.0587
0.56,0.002076,731,0.9,15863.3563
0.56,0.002076,731,0.95,16744.6538
0.56,0.002076,1941,0.85,13051.4052
0.56,0.002076,1941,0.9,13819.135
0.56,0.002076,1941,0.95,14586.8647
0.56,0.002076,2097,0.85,12919.5624
0.56,0.002076,2097,0.9,13679.5366
0.56,0.002076,2097,0.95,14439.5109
0.56,0.002076,249,0.85,17897.1421
0.56,0.002076,249,0.9,18949.9152
0.56,0.002076,249,0.95,20002.6883
0.56,0.002076,986,0.85,14332.5743
0.56,0.002076,986,0.9,15175.6669
0.56,0.002076,986,0.95,16018.7596
0.56,0.002076,96,0.85,21601.0085
0.56,0.002076,96,0.9,22871.6561
0.56,0.002076,96,0.95,24142.3037
0.56,0.002076,753,0.85,14915.0972
0.56,0.002076,753,0.9,15792.4558
0.56,0.002076,753,0.95,16669.8145
0.56,0.002076,741,0.85,14951.3011
0.56,0.002076,741,0.9,15830.7894
0.56,0.002076,741,0.95,16710.2777
0.56,0.002076,359,0.85,16788.4173
0.56,0.002076,359,0.9,17775.9713
0.56,0.002076,359,0.95,18763.5252
0.56,0.002076,354,0.85,16828.4041
0.56,0.002076,354,0.9,17818.3102
0.56,0.002076,354,0.95,18808.2163
0.56,0.002076,1437,0.85,13590.7378
0.56,0.002076,1437,0.9,14390.193
0.56,0.002076,1437,0.95,15189.6482
0.56,0.002076,813,0.85,14744.6964
0.56,0.002076,813,0.9,15612.0315
0.56,0.002076,813,0.95,16479.3666
0.56,0.002076,279,0.85,17537.1891
0.56,0.002076,279,0.9,18568.7885
0.56,0.002076,279,0.95,19600.3878
0.56,0.002076,747,0.85,14933.1046
0.56,0.002076,747,0.9,15811.5225
0.56,0.002076,747,0.95,16689.9404
0.56,0.002076,363,0.85,16756.9599
0.56,0.002076,363,0.9,17742.6634
0.56,0.002076,363,0.95,18728.3669
0.56,0.002076,1439,0.85,13588.1405
0.56,0.002076,1439,0.9,14387.4428
0.56,0.002076,1439,0.95,15186.7452
0.56,0.002076,675,0.85,15165.0465
0.56,0.002076,675,0.9,16057.108
0.56,0.002076,675,0.95,16949.1696
0.56,0.002076,186,0.85,18890.5217
0.56,0.002076,186,0.9,20001.7289
0.56,0.002076,186,0.95,21112.936
0.56,0.002076,57,0.85,24336.8447
0.56,0.002076,57,0.9,25768.4238
0.56,0.002076,57,0.95,27200.0029
0.56,0.002076,819,0.85,14728.5569
0.56,0.002076,819,0.9,15594.9426
0.56,0.002076,819,0.95,16461.3283
0.56,0.002076,706,0.85,15061.4097
0.56,0.002076,706,0.9,15947.375
0.56,0.002076,706,0.95,16833.3402
0.56,0.002076,472,0.85,16044.2995
0.56,0.002076,472,0.9,16988.0818
0.56,0.002076,472,0.95,17931.8641
0.56,0.002076,354,0.85,16828.4041
0.56,0.002076,354,0.9,17818.3102
0.56,0.002076,354,0.95,18808.2163
0.56,0.002076,891,0.85,14546.0902
0.56,0.002076,891,0.9,15401.7425
0.56,0.002076,891,0.95,16257.3949
0.56,0.002076,714,0.85,15035.6243
0.56,0.002076,714,0.9,15920.0727
0.56,0.002076,714,0.95,16804.5212
0.56,0.002076,1296,0.85,13786.412
0.56,0.002076,1296,0.9,14597.3775
0.56,0.002076,1296,0.95,15408.3429
0.56,0.002076,3636,0.85,12052.6164
0.56,0.002076,3636,0.9,12761.5939
0.56,0.002076,3636,0.95,13470.5713
0.56,0.002076,762,0.85,14888.4329
0.56,0.002076,762,0.9,15764.2231
0.56,0.002076,762,0.95,16640.0132
0.56,0.002076,2283,0.85,12777.6589
0.56,0.002076,2283,0.9,13529.2859
0.56,0.002076,2283,0.95,14280.9129
0.56,0.002076,325,0.85,17076.2266
0.56,0.002076,325,0.9,18080.7105
0.56,0.002076,325,0.95,19085.1944
0.56,0.002076,42,0.85,26273.0958
0.56,0.002076,42,0.9,27818.572
0.56,0.002076,42,0.95,29364.0482
0.56,0.200516,765,0.85,1437177.0861
0.56,0.200516,765,0.9,1521716.9147
0.56,0.200516,765,0.95,1606256.7433
0.56,0.200516,102,0.85,2059355.5444
0.56,0.200516,102,0.9,2180494.1059
0.56,0.200516,102,0.95,2301632.6673
0.56,0.200516,684,0.85,1461777.0854
0.56,0.200516,684,0.9,1547763.9728
0.56,0.200516,684,0.95,1633750.8602
0.56,0.200516,292,0.85,1680328.3097
0.56,0.200516,292,0.9,1779171.1514
0.56,0.200516,292,0.95,1878013.9932
0.56,0.200516,564,0.85,1506204.4064
0.56,0.200516,564,0.9,1594804.6656
0.56,0.200516,564,0.95,1683404.9248
0.56,0.200516,402,0.85,1591041.1354
0.56,0.200516,402,0.9,1684631.7904
0.56,0.200516,402,0.95,1778222.4455
0.56,0.200516,1086,0.85,1365228.6293
0.56,0.200516,1086,0.9,1445536.1957
0.56,0.200516,1086,0.95,1525843.7622
0.56,0.200516,1586,0.85,1295125.0958
0.56,0.200516,1586,0.9,1371308.9249
0.56,0.200516,1586,0.95,1447492.7541
0.56,0.200516,1291,0.85,1332304.0022
0.56,0.200516,1291,0.9,1410674.8258
0.56,0.200516,1291,0.95,1489045.6495
0.56,0.200516,1119,0.85,1359413.2882
0.56,0.200516,1119,0.9,1439378.7758
0.56,0.200516,1119,0.95,1519344.2633
0.56,0.200516,453,0.85,1560052.8285
0.56,0.200516,453,0.9,1651820.6419
0.56,0.200516,453,0.95,1743588.4554
0.56,0.200516,1164,0.85,1351828.7356
0.56,0.200516,1164,0.9,1431348.073
0.56,0.200516,1164,0.95,1510867.4104
0.56,0.200516,906,0.85,1401520.5862
0.56,0.200516,906,0.9,1483962.9736
0.56,0.200516,906,0.95,1566405.3611
0.56,0.200516,2202,0.85,1239943.0222
0.56,0.200516,2202,0.9,1312880.847
0.56,0.200516,2202,0.95,1385818.6718
0.56,0.200516,1863,0.85,1267456.37
0.56,0.200516,1863,0.9,1342012.627
0.56,0.200516,1863,0.95,1416568.8841
0.56,0.200516,114,0.85,2011526.1042
0.56,0.200516,114,0.9,2129851.1691
0.56,0.200516,114,0.95,2248176.2341
0.56,0.200516,2508,0.85,1219340.1066
0.56,0.200516,2508,0.9,1291065.9952
0.56,0.200516,2508,0.95,1362791.8838
0.56,0.200516,1080,0.85,1366310.3675
0.56,0.200516,1080,0.9,1446681.5655
0.56,0.200516,1080,0.95,1527052.7636
0.56,0.200516,210,0.85,1783409.5375
0.56,0.200516,210,0.9,1888315.9809
0.56,0.200516,210,0.95,1993222.4243
0.56,0.200516,731,0.85,1447069.8075
0.56,0.200516,731,0.9,1532191.5609
0.56,0.200516,731,0.95,1617313.3143
0.56,0.200516,1941,0.85,1260594.0774
0.56,0.200516,1941,0.9,1334746.6702
0.56,0.200516,1941,0.95,1408899.263
0.56,0.200516,2097,0.85,1247859.7916
0.56,0.200516,2097,0.9,1321263.3087
0.56,0.200516,2097,0.95,1394666.8259
0.56,0.200516,249,0.85,1728628.5244
0.56,0.200516,249,0.9,1830312.5552
0.56,0.200516,249,0.95,1931996.5861
0.56,0.200516,986,0.85,1384338.1604
0.56,0.200516,986,0.9,1465769.8169
0.56,0.200516,986,0.95,1547201.4734
0.56,0.200516,96,0.85,2086373.2996
0.56,0.200516,96,0.9,2209101.1407
0.56,0.200516,96,0.95,2331828.9819
0.56,0.200516,753,0.85,1440602.2027
0.56,0.200516,753,0.9,1525343.5087
0.56,0.200516,753,0.95,1610084.8147
0.56,0.200516,741,0.85,1444099.0312
0.56,0.200516,741,0.9,1529046.033
0.56,0.200516,741,0.95,1613993.0349
0.56,0.200516,359,0.85,1621540.2901
0.56,0.200516,359,0.9,1716925.0131
0.56,0.200516,359,0.95,1812309.736
0.56,0.200516,354,0.85,1625402.4836
0.56,0.200516,354,0.9,1721014.3944
0.56,0.200516,354,0.95,1816626.3052
0.56,0.200516,1437,0.85,1312686.5123
0.56,0.200516,1437,0.9,1389903.3659
0.56,0.200516,1437,0.95,1467120.2196
0.56,0.200516,813,0.85,1424143.7307
0.56,0.200516,813,0.9,1507916.8914
0.56,0.200516,813,0.95,1591690.052
0.56,0.200516,279,0.85,1693861.7963
0.56,0.200516,279,0.9,1793500.7255
0.56,0.200516,279,0.95,1893139.6547
0.56,0.200516,747,0.85,1442341.4851
0.56,0.200516,747,0.9,1527185.1019
0.56,0.200516,747,0.95,1612028.7187
0.56,0.200516,363,0.85,1618501.9169
0.56,0.200516,363,0.9,1713707.912
0.56,0.200516,363,0.95,1808913.9071
0.56,0.200516,1439,0.85,1312435.64
0.56,0.200516,1439,0.9,1389637.7365
0.56,0.200516,1439,0.95,1466839.833
0.56,0.200516,675,0.85,1464744.0196
0.56,0.200516,675,0.9,1550905.4325
0.56,0.200516,675,0.95,1637066.8455
0.56,0.200516,186,0.85,1824575.9241
0.56,0.200516,186,0.9,1931903.9197
0.56,0.200516,186,0.95,2039231.9152
0.56,0.200516,57,0.85,2350619.0862
0.56,0.200516,57,0.9,2488890.7971
0.56,0.200516,57,0.95,2627162.5081
0.56,0.200516,819,0.85,1422584.8694
0.56,0.200516,819,0.9,1506266.3323
0.56,0.200516,819,0.95,1589947.7952
0.56,0.200516,706,0.85,1454734.0692
0.56,0.200516,706,0.9,1540306.6615
0.56,0.200516,706,0.95,1625879.2538
0.56,0.200516,472,0.85,1549668.2933
0.56,0.200516,472,0.9,1640825.2517
0.56,0.200516,472,0.95,1731982.2101
0.56,0.200516,354,0.85,1625402.4836
0.56,0.200516,354,0.9,1721014.3944
0.56,0.200516,354,0.95,1816626.3052
0.56,0.200516,891,0.85,1404960.9805
0.56,0.200516,891,0.9,1487605.7441
0.56,0.200516,891,0.95,1570250.5077
0.56,0.200516,714,0.85,1452243.5359
0.56,0.200516,714,0.9,1537669.6263
0.56,0.200516,714,0.95,1623095.7166
0.56,0.200516,1296,0.85,1331586.0667
0.56,0.200516,1296,0.9,1409914.6589
0.56,0.200516,1296,0.95,1488243.2511
0.56,0.200516,3636,0.85,1164124.2146
0.56,0.200516,3636,0.9,1232602.1096
0.56,0.200516,3636,0.95,1301080.0046
0.56,0.200516,762,0.85,1438026.7866
0.56,0.200516,762,0.9,1522616.5976
0.56,0.200516,762,0.95,1607206.4086
0.56,0.200516,2283,0.85,1234153.7834
0.56,0.200516,2283,0.9,1306751.0648
0.56,0.200516,2283,0.95,1379348.3462
0.56,0.200516,325,0.85,1649338.8788
0.56,0.200516,325,0.9,1746358.8129
0.56,0.200516,325,0.95,1843378.7469
0.56,0.200516,42,0.85,2537635.4741
0.56,0.200516,42,0.9,2686908.1491
0.56,0.200516,42,0.95,2836180.824
0.56,0.099923,765,0.85,716187.462
0.56,0.099923,765,0.9,758316.1362
0.56,0.099923,765,0.95,800444.8105
0.56,0.099923,102,0.85,1026237.2223
0.56,0.099923,102,0.9,1086604.1177
0.56,0.099923,102,0.95,1146971.0131
0.56,0.099923,684,0.85,728446.3626
0.56,0.099923,684,0.9,771296.1487
0.56,0.099923,684,0.95,814145.9347
0.56,0.099923,292,0.85,837356.8429
0.56,0.099923,292,0.9,886613.1278
0.56,0.099923,292,0.95,935869.4126
0.56,0.099923,564,0.85,750585.7987
0.56,0.099923,564,0.9,794737.9046
0.56,0.099923,564,0.95,838890.0104
0.56,0.099923,402,0.85,792862.4272
0.56,0.099923,402,0.9,839501.3935
0.56,0.099923,402,0.95,886140.3598
0.56,0.099923,1086,0.85,680333.4374
0.56,0.099923,1086,0.9,720353.0513
0.56,0.099923,1086,0.95,760372.6653
0.56,0.099923,1586,0.85,645398.792
0.56,0.099923,1586,0.9,683363.4269
0.56,0.099923,1586,0.95,721328.0617
0.56,0.099923,1291,0.85,663926.1307
0.56,0.099923,1291,0.9,702980.609
0.56,0.099923,1291,0.95,742035.0873
0.56,0.099923,1119,0.85,677435.4825
0.56,0.099923,1119,0.9,717284.6285
0.56,0.099923,1119,0.95,757133.7745
0.56,0.099923,453,0.85,777420.0456
0.56,0.099923,453,0.9,823150.6366
0.56,0.099923,453,0.95,868881.2275
0.56,0.099923,1164,0.85,673655.8776
0.56,0.099923,1164,0.9,713282.694
0.56,0.099923,1164,0.95,752909.5103
0.56,0.099923,906,0.85,698418.7831
0.56,0.099923,906,0.9,739502.241
0.56,0.099923,906,0.95,780585.6988
0.56,0.099923,2202,0.85,617899.9475
0.56,0.099923,2202,0.9,654247.0033
0.56,0.099923,2202,0.95,690594.059
0.56,0.099923,1863,0.85,631610.6551
0.56,0.099923,1863,0.9,668764.223
0.56,0.099923,1863,0.95,705917.791
0.56,0.099923,114,0.85,1002402.4105
0.56,0.099923,114,0.9,1061367.2581
0.56,0.099923,114,0.95,1120332.1058
0.56,0.099923,2508,0.85,607632.9109
0.56,0.099923,2508,0.9,643376.0233
0.56,0.099923,2508,0.95,679119.1357
0.56,0.099923,1080,0.85,680872.4992
0.56,0.099923,1080,0.9,720923.8227
0.56,0.099923,1080,0.95,760975.1462
0.56,0.099923,210,0.85,888725.2398
0.56,0.099923,210,0.9,941003.1951
0.56,0.099923,210,0.95,993281.1503
0.56,0.099923,731,0.85,721117.295
0.56,0.099923,731,0.9,763535.9595
0.56,0.099923,731,0.95,805954.6239
0.56,0.099923,1941,0.85,628190.9736
0.56,0.099923,1941,0.9,665143.3838
0.56,0.099923,1941,0.95,702095.794
0.56,0.099923,2097,0.85,621845.1057
0.56,0.099923,2097,0.9,658424.2296
0.56,0.099923,2097,0.95,695003.3535
0.56,0.099923,249,0.85,861426.2554
0.56,0.099923,249,0.9,912098.3881
0.56,0.099923,249,0.95,962770.5208
0.56,0.099923,986,0.85,689856.2768
0.56,0.099923,986,0.9,730436.0577
0.56,0.099923,986,0.95,771015.8387
0.56,0.099923,96,0.85,1039700.9615
0.56,0.099923,96,0.9,1100859.8416
0.56,0.099923,96,0.95,1162018.7217
0.56,0.099923,753,0.85,717894.298
0.56,0.099923,753,0.9,760123.3743
0.56,0.099923,753,0.95,802352.4507
0.56,0.099923,741,0.85,719636.8701
0.56,0.099923,741,0.9,761968.4507
0.56,0.099923,741,0.95,804300.0313
0.56,0.099923,359,0.85,808061.0498
0.56,0.099923,359,0.9,855594.0527
0.56,0.099923,359,0.95,903127.0557
0.56,0.099923,354,0.85,809985.694
0.56,0.099923,354,0.9,857631.9113
0.56,0.099923,354,0.95,905278.1286
0.56,0.099923,1437,0.85,654150.1606
0.56,0.099923,1437,0.9,692629.5818
0.56,0.099923,1437,0.95,731109.003
0.56,0.099923,813,0.85,709692.5591
0.56,0.099923,813,0.9,751439.1802
0.56,0.099923,813,0.95,793185.8013
0.56,0.099923,279,0.85,844100.9759
0.56,0.099923,279,0.9,893753.9745
0.56,0.099923,279,0.95,943406.973
0.56,0.099923,747,0.85,718761.0334
0.56,0.099923,747,0.9,761041.0942
0.56,0.099923,747,0.95,803321.155
0.56,0.099923,363,0.85,806546.9394
0.56,0.099923,363,0.9,853990.877
0.56,0.099923,363,0.95,901434.8146
0.56,0.099923,1439,0.85,654025.1436
0.56,0.099923,1439,0.9,692497.2109
0.56,0.099923,1439,0.95,730969.2781
0.56,0.099923,675,0.85,729924.8729
0.56,0.099923,675,0.9,772861.6301
0.56,0.099923,675,0.95,815798.3874
0.56,0.099923,186,0.85,909239.6567
0.56,0.099923,186,0.9,962724.3424
0.56,0.099923,186,0.95,1016209.0281
0.56,0.099923,57,0.85,1171382.3813
0.56,0.099923,57,0.9,1240287.2273
0.56,0.099923,57,0.95,1309192.0732
0.56,0.099923,819,0.85,708915.7328
0.56,0.099923,819,0.9,750616.6583
0.56,0.099923,819,0.95,792317.5837
0.56,0.099923,706,0.85,724936.6213
0.56,0.099923,706,0.9,767579.9519
0.56,0.099923,706,0.95,810223.2826
0.56,0.099923,472,0.85,772245.1274
0.56,0.099923,472,0.9,817671.3114
0.56,0.099923,472,0.95,863097.4953
0.56,0.099923,354,0.85,809985.694
0.56,0.099923,354,0.9,857631.9113
0.56,0.099923,354,0.95,905278.1286
0.56,0.099923,891,0.85,700133.2324
0.56,0.099923,891,0.9,741317.5402
0.56,0.099923,891,0.95,782501.848
0.56,0.099923,714,0.85,723695.5155
0.56,0.099923,714,0.9,766265.84
0.56,0.099923,714,0.95,808836.1644
0.56,0.099923,1296,0.85,663568.3625
0.56,0.099923,1296,0.9,702601.7956
0.56,0.099923,1296,0.95,741635.2286
0.56,0.099923,3636,0.85,580117.2137
0.56,0.099923,3636,0.9,614241.7556
0.56,0.099923,3636,0.95,648366.2976
0.56,0.099923,762,0.85,716610.8927
0.56,0.099923,762,0.9,758764.4746
0.56,0.099923,762,0.95,800918.0566
0.56,0.099923,2283,0.85,615015.0002
0.56,0.099923,2283,0.9,651192.3532
0.56,0.099923,2283,0.95,687369.7061
0.56,0.099923,325,0.85,821913.9013
0.56,0.099923,325,0.9,870261.7778
0.56,0.099923,325,0.95,918609.6544
0.56,0.099923,42,0.85,1264578.1284
0.56,0.099923,42,0.9,1338965.0771
0.56,0.099923,42,0.95,1413352.0259
0.56,0.126833,765,0.85,909064.1141
0.56,0.126833,765,0.9,962538.4737
0.56,0.126833,765,0.95,1016012.8334
0.56,0.126833,102,0.85,1302613.4648
0.56,0.126833,102,0.9,1379237.7862
0.56,0.126833,102,0.95,1455862.1077
0.56,0.126833,684,0.85,924624.4628
0.56,0.126833,684,0.9,979014.1371
0.56,0.126833,684,0.95,1033403.8113
0.56,0.126833,292,0.85,1062865.6559
0.56,0.126833,292,0.9,1125387.165
0.56,0.126833,292,0.95,1187908.6742
0.56,0.126833,564,0.85,952726.2768
0.56,0.126833,564,0.9,1008768.999
0.56,0.126833,564,0.95,1064811.7211
0.56,0.126833,402,0.85,1006388.4362
0.56,0.126833,402,0.9,1065587.756
0.56,0.126833,402,0.95,1124787.0758
0.56,0.126833,1086,0.85,863554.2317
0.56,0.126833,1086,0.9,914351.5395
0.56,0.126833,1086,0.95,965148.8472
0.56,0.126833,1586,0.85,819211.327
0.56,0.126833,1586,0.9,867400.2286
0.56,0.126833,1586,0.95,915589.1302
0.56,0.126833,1291,0.85,842728.2686
0.56,0.126833,1291,0.9,892300.5197
0.56,0.126833,1291,0.95,941872.7708
0.56,0.126833,1119,0.85,859875.8278
0.56,0.126833,1119,0.9,910456.7588
0.56,0.126833,1119,0.95,961037.6899
0.56,0.126833,453,0.85,986787.2625
0.56,0.126833,453,0.9,1044833.572
0.56,0.126833,453,0.95,1102879.8816
0.56,0.126833,1164,0.85,855078.3364
0.56,0.126833,1164,0.9,905377.0621
0.56,0.126833,1164,0.95,955675.7878
0.56,0.126833,906,0.85,886510.1472
0.56,0.126833,906,0.9,938657.8029
0.56,0.126833,906,0.95,990805.4586
0.56,0.126833,2202,0.85,784306.7607
0.56,0.126833,2202,0.9,830442.4525
0.56,0.126833,2202,0.95,876578.1443
0.56,0.126833,1863,0.85,801709.9029
0.56,0.126833,1863,0.9,848869.3089
0.56,0.126833,1863,0.95,896028.715
0.56,0.126833,114,0.85,1272359.6929
0.56,0.126833,114,0.9,1347204.3807
0.56,0.126833,114,0.95,1422049.0685
0.56,0.126833,2508,0.85,771274.7055
0.56,0.126833,2508,0.9,816643.8058
0.56,0.126833,2508,0.95,862012.9061
0.56,0.126833,1080,0.85,864238.4684
0.56,0.126833,1080,0.9,915076.0254
0.56,0.126833,1080,0.95,965913.5824
0.56,0.126833,210,0.85,1128068.0906
0.56,0.126833,210,0.9,1194425.0371
0.56,0.126833,210,0.95,1260781.9836
0.56,0.126833,731,0.85,915321.6019
0.56,0.126833,731,0.9,969164.049
0.56,0.126833,731,0.95,1023006.4962
0.56,0.126833,1941,0.85,797369.266
0.56,0.126833,1941,0.9,844273.3404
0.56,0.126833,1941,0.95,891177.4149
0.56,0.126833,2097,0.85,789314.3906
0.56,0.126833,2097,0.9,835744.6489
0.56,0.126833,2097,0.95,882174.9072
0.56,0.126833,249,0.85,1093417.2088
0.56,0.126833,249,0.9,1157735.8682
0.56,0.126833,249,0.95,1222054.5275
0.56,0.126833,986,0.85,875641.6697
0.56,0.126833,986,0.9,927150.0032
0.56,0.126833,986,0.95,978658.3368
0.56,0.126833,96,0.85,1319703.1275
0.56,0.126833,96,0.9,1397332.7232
0.56,0.126833,96,0.95,1474962.3189
0.56,0.126833,753,0.85,911230.6185
0.56,0.126833,753,0.9,964832.4196
0.56,0.126833,753,0.95,1018434.2207
0.56,0.126833,741,0.85,913442.4833
0.56,0.126833,741,0.9,967174.3941
0.56,0.126833,741,0.95,1020906.3048
0.56,0.126833,359,0.85,1025680.2043
0.56,0.126833,359,0.9,1086014.334
0.56,0.126833,359,0.95,1146348.4636
0.56,0.126833,354,0.85,1028123.175
0.56,0.126833,354,0.9,1088601.0088
0.56,0.126833,354,0.95,1149078.8426
0.56,0.126833,1437,0.85,830319.5291
0.56,0.126833,1437,0.9,879161.8543
0.56,0.126833,1437,0.95,928004.1796
0.56,0.126833,813,0.85,900820.0669
0.56,0.126833,813,0.9,953809.4826
0.56,0.126833,813,0.95,1006798.8984
0.56,0.126833,279,0.85,1071426.0533
0.56,0.126833,279,0.9,1134451.1152
0.56,0.126833,279,0.95,1197476.1772
0.56,0.126833,747,0.85,912330.7747
0.56,0.126833,747,0.9,965997.2909
0.56,0.126833,747,0.95,1019663.807
0.56,0.126833,363,0.85,1023758.3284
0.56,0.126833,363,0.9,1083979.4065
0.56,0.126833,363,0.95,1144200.4846
0.56,0.126833,1439,0.85,830160.8437
0.56,0.126833,1439,0.9,878993.8345
0.56,0.126833,1439,0.95,927826.8254
0.56,0.126833,675,0.85,926501.1511
0.56,0.126833,675,0.9,981001.2188
0.56,0.126833,675,0.95,1035501.2865
0.56,0.126833,186,0.85,1154107.251
0.56,0.126833,186,0.9,1221995.9128
0.56,0.126833,186,0.95,1289884.5747
0.56,0.126833,57,0.85,1486847.7085
0.56,0.126833,57,0.9,1574309.3384
0.56,0.126833,57,0.95,1661770.9683
0.56,0.126833,819,0.85,899834.0334
0.56,0.126833,819,0.9,952765.4471
0.56,0.126833,819,0.95,1005696.8608
0.56,0.126833,706,0.85,920169.5119
0.56,0.126833,706,0.9,974297.1303
0.56,0.126833,706,0.95,1028424.7486
0.56,0.126833,472,0.85,980218.6855
0.56,0.126833,472,0.9,1037878.6082
0.56,0.126833,472,0.95,1095538.5309
0.56,0.126833,354,0.85,1028123.175
0.56,0.126833,354,0.9,1088601.0088
0.56,0.126833,354,0.95,1149078.8426
0.56,0.126833,891,0.85,888686.3153
0.56,0.126833,891,0.9,940961.9809
0.56,0.126833,891,0.95,993237.6465
0.56,0.126833,714,0.85,918594.1637
0.56,0.126833,714,0.9,972629.1145
0.56,0.126833,714,0.95,1026664.0653
0.56,0.126833,1296,0.85,842274.1497
0.56,0.126833,1296,0.9,891819.6879
0.56,0.126833,1296,0.95,941365.2261
0.56,0.126833,3636,0.85,736348.7479
0.56,0.126833,3636,0.9,779663.3801
0.56,0.126833,3636,0.95,822978.0123
0.56,0.126833,762,0.85,909601.579
0.56,0.126833,762,0.9,963107.5542
0.56,0.126833,762,0.95,1016613.5295
0.56,0.126833,2283,0.85,780644.8674
0.56,0.126833,2283,0.9,826565.1537
0.56,0.126833,2283,0.95,872485.44
0.56,0.126833,325,0.85,1043263.7712
0.56,0.126833,325,0.9,1104632.2283
0.56,0.126833,325,0.95,1166000.6854
0.56,0.126833,42,0.85,1605142.0291
0.56,0.126833,42,0.9,1699562.1485
0.56,0.126833,42,0.95,1793982.2678
0.56,0.036609,765,0.85,262390.2433
0.56,0.036609,765,0.9,277824.9634
0.56,0.036609,765,0.95,293259.6836
0.56,0.036609,102,0.85,375983.4522
0.56,0.036609,102,0.9,398100.1259
0.56,0.036609,102,0.95,420216.7995
0.56,0.036609,684,0.85,266881.5477
0.56,0.036609,684,0.9,282580.4622
0.56,0.036609,684,0.95,298279.3768
0.56,0.036609,292,0.85,306783.1781
0.56,0.036609,292,0.9,324829.2474
0.56,0.036609,292,0.95,342875.3167
0.56,0.036609,564,0.85,274992.7928
0.56,0.036609,564,0.9,291168.8394
0.56,0.036609,564,0.95,307344.886
0.56,0.036609,402,0.85,290481.7191
0.56,0.036609,402,0.9,307568.879
0.56,0.036609,402,0.95,324656.0389
0.56,0.036609,1086,0.85,249254.3721
0.56,0.036609,1086,0.9,263916.394
0.56,0.036609,1086,0.95,278578.4158
0.56,0.036609,1586,0.85,236455.3347
0.56,0.036609,1586,0.9,250364.472
0.56,0.036609,1586,0.95,264273.6094
0.56,0.036609,1291,0.85,243243.2124
0.56,0.036609,1291,0.9,257551.6367
0.56,0.036609,1291,0.95,271860.0609
0.56,0.036609,1119,0.85,248192.6457
0.56,0.036609,1119,0.9,262792.2131
0.56,0.036609,1119,0.95,277391.7805
0.56,0.036609,453,0.85,284824.0799
0.56,0.036609,453,0.9,301578.4375
0.56,0.036609,453,0.95,318332.7952
0.56,0.036609,1164,0.85,246807.9085
0.56,0.036609,1164,0.9,261326.0208
0.56,0.036609,1164,0.95,275844.133
0.56,0.036609,906,0.85,255880.3164
0.56,0.036609,906,0.9,270932.0997
0.56,0.036609,906,0.95,285983.8831
0.56,0.036609,2202,0.85,226380.5584
0.56,0.036609,2202,0.9,239697.0618
0.56,0.036609,2202,0.95,253013.5652
0.56,0.036609,1863,0.85,231403.7626
0.56,0.036609,1863,0.9,245015.7486
0.56,0.036609,1863,0.95,258627.7347
0.56,0.036609,114,0.85,367251.0708
0.56,0.036609,114,0.9,388854.075
0.56,0.036609,114,0.95,410457.0791
0.56,0.036609,2508,0.85,222619.0149
0.56,0.036609,2508,0.9,235714.2511
0.56,0.036609,2508,0.95,248809.4873
0.56,0.036609,1080,0.85,249451.8686
0.56,0.036609,1080,0.9,264125.508
0.56,0.036609,1080,0.95,278799.1473
0.56,0.036609,210,0.85,325603.0637
0.56,0.036609,210,0.9,344756.1851
0.56,0.036609,210,0.95,363909.3065
0.56,0.036609,731,0.85,264196.3906
0.56,0.036609,731,0.9,279737.3548
0.56,0.036609,731,0.95,295278.3189
0.56,0.036609,1941,0.85,230150.8908
0.56,0.036609,1941,0.9,243689.1785
0.56,0.036609,1941,0.95,257227.4662
0.56,0.036609,2097,0.85,227825.9495
0.56,0.036609,2097,0.9,241227.476
0.56,0.036609,2097,0.95,254629.0024
0.56,0.036609,249,0.85,315601.5103
0.56,0.036609,249,0.9,334166.3051
0.56,0.036609,249,0.95,352731.0998
0.56,0.036609,986,0.85,252743.2633
0.56,0.036609,986,0.9,267610.5141
0.56,0.036609,986,0.95,282477.7648
0.56,0.036609,96,0.85,380916.1744
0.56,0.036609,96,0.9,403323.0082
0.56,0.036609,96,0.95,425729.842
0.56,0.036609,753,0.85,263015.5783
0.56,0.036609,753,0.9,278487.0829
0.56,0.036609,753,0.95,293958.5875
0.56,0.036609,741,0.85,263654.006
0.56,0.036609,741,0.9,279163.0652
0.56,0.036609,741,0.95,294672.1243
0.56,0.036609,359,0.85,296050.0521
0.56,0.036609,359,0.9,313464.761
0.56,0.036609,359,0.95,330879.47
0.56,0.036609,354,0.85,296755.1857
0.56,0.036609,354,0.9,314211.3731
0.56,0.036609,354,0.95,331667.5605
0.56,0.036609,1437,0.85,239661.5814
0.56,0.036609,1437,0.9,253759.3215
0.56,0.036609,1437,0.95,267857.0616
0.56,0.036609,813,0.85,260010.6998
0.56,0.036609,813,0.9,275305.4469
0.56,0.036609,813,0.95,290600.1939
0.56,0.036609,279,0.85,309254.0321
0.56,0.036609,279,0.9,327445.4458
0.56,0.036609,279,0.95,345636.8594
0.56,0.036609,747,0.85,263333.1249
0.56,0.036609,747,0.9,278823.3087
0.56,0.036609,747,0.95,294313.4925
0.56,0.036609,363,0.85,295495.3261
0.56,0.036609,363,0.9,312877.4041
0.56,0.036609,363,0.95,330259.4821
0.56,0.036609,1439,0.85,239615.7789
0.56,0.036609,1439,0.9,253710.8247
0.56,0.036609,1439,0.95,267805.8705
0.56,0.036609,675,0.85,267423.2308
0.56,0.036609,675,0.9,283154.0091
0.56,0.036609,675,0.95,298884.7874
0.56,0.036609,186,0.85,333118.9491
0.56,0.036609,186,0.9,352714.1814
0.56,0.036609,186,0.95,372309.4137
0.56,0.036609,57,0.85,429160.4144
0.56,0.036609,57,0.9,454405.1446
0.56,0.036609,57,0.95,479649.8749
0.56,0.036609,819,0.85,259726.0933
0.56,0.036609,819,0.9,275004.0988
0.56,0.036609,819,0.95,290282.1043
0.56,0.036609,706,0.85,265595.6806
0.56,0.036609,706,0.9,281218.9559
0.56,0.036609,706,0.95,296842.2312
0.56,0.036609,472,0.85,282928.1404
0.56,0.036609,472,0.9,299570.9722
0.56,0.036609,472,0.95,316213.804
0.56,0.036609,354,0.85,296755.1857
0.56,0.036609,354,0.9,314211.3731
0.56,0.036609,354,0.95,331667.5605
0.56,0.036609,891,0.85,256508.4408
0.56,0.036609,891,0.9,271597.1726
0.56,0.036609,891,0.95,286685.9044
0.56,0.036609,714,0.85,265140.9756
0.56,0.036609,714,0.9,280737.5035
0.56,0.036609,714,0.95,296334.0315
0.56,0.036609,1296,0.85,243112.1365
0.56,0.036609,1296,0.9,257412.8504
0.56,0.036609,1296,0.95,271713.5644
0.56,0.036609,3636,0.85,212538.0642
0.56,0.036609,3636,0.9,225040.3033
0.56,0.036609,3636,0.95,237542.5424
0.56,0.036609,762,0.85,262545.3759
0.56,0.036609,762,0.9,277989.2216
0.56,0.036609,762,0.95,293433.0672
0.56,0.036609,2283,0.85,225323.5976
0.56,0.036609,2283,0.9,238577.9269
0.56,0.036609,2283,0.95,251832.2562
0.56,0.036609,325,0.85,301125.3337
0.56,0.036609,325,0.9,318838.5886
0.56,0.036609,325,0.95,336551.8435
0.56,0.036609,42,0.85,463304.6239
0.56,0.036609,42,0.9,490557.8371
0.56,0.036609,42,0.95,517811.0502
0.56,0.009103,765,0.85,65248.3731
0.56,0.009103,765,0.9,69086.5127
0.56,0.009103,765,0.95,72924.6523
0.56,0.009103,102,0.85,93495.506
0.56,0.009103,102,0.9,98995.2416
0.56,0.009103,102,0.95,104494.9773
0.56,0.009103,684,0.85,66365.2222
0.56,0.009103,684,0.9,70269.0588
0.56,0.009103,684,0.95,74172.8954
0.56,0.009103,292,0.85,76287.5289
0.56,0.009103,292,0.9,80775.0306
0.56,0.009103,292,0.95,85262.5323
0.56,0.009103,564,0.85,68382.239
0.56,0.009103,564,0.9,72404.7237
0.56,0.009103,564,0.95,76427.2083
0.56,0.009103,402,0.85,72233.858
0.56,0.009103,402,0.9,76482.9085
0.56,0.009103,402,0.95,80731.959
0.56,0.009103,1086,0.85,61981.8864
0.56,0.009103,1086,0.9,65627.8798
0.56,0.009103,1086,0.95,69273.8731
0.56,0.009103,1586,0.85,58799.16
0.56,0.009103,1586,0.9,62257.9341
0.56,0.009103,1586,0.95,65716.7082
0.56,0.009103,1291,0.85,60487.0962
0.56,0.009103,1291,0.9,64045.1606
0.56,0.009103,1291,0.95,67603.2251
0.56,0.009103,1119,0.85,61717.8678
0.56,0.009103,1119,0.9,65348.3306
0.56,0.009103,1119,0.95,68978.7934
0.56,0.009103,453,0.85,70826.9774
0.56,0.009103,453,0.9,74993.2702
0.56,0.009103,453,0.95,79159.563
0.56,0.009103,1164,0.85,61373.5263
0.56,0.009103,1164,0.9,64983.7337
0.56,0.009103,1164,0.95,68593.9412
0.56,0.009103,906,0.85,63629.5548
0.56,0.009103,906,0.9,67372.4697
0.56,0.009103,906,0.95,71115.3847
0.56,0.009103,2202,0.85,56293.8734
0.56,0.009103,2202,0.9,59605.2777
0.56,0.009103,2202,0.95,62916.682
0.56,0.009103,1863,0.85,57542.9896
0.56,0.009103,1863,0.9,60927.8713
0.56,0.009103,1863,0.95,64312.7531
0.56,0.009103,114,0.85,91324.0317
0.56,0.009103,114,0.9,96696.0335
0.56,0.009103,114,0.95,102068.0354
0.56,0.009103,2508,0.85,55358.4934
0.56,0.009103,2508,0.9,58614.8753
0.56,0.009103,2508,0.95,61871.2573
0.56,0.009103,1080,0.85,62030.9978
0.56,0.009103,1080,0.9,65679.88
0.56,0.009103,1080,0.95,69328.7622
0.56,0.009103,210,0.85,80967.4549
0.56,0.009103,210,0.9,85730.2463
0.56,0.009103,210,0.95,90493.0378
0.56,0.009103,731,0.85,65697.5063
0.56,0.009103,731,0.9,69562.0655
0.56,0.009103,731,0.95,73426.6247
0.56,0.009103,1941,0.85,57231.439
0.56,0.009103,1941,0.9,60597.9942
0.56,0.009103,1941,0.95,63964.5494
0.56,0.009103,2097,0.85,56653.2977
0.56,0.009103,2097,0.9,59985.8446
0.56,0.009103,2097,0.95,63318.3915
0.56,0.009103,249,0.85,78480.3765
0.56,0.009103,249,0.9,83096.8693
0.56,0.009103,249,0.95,87713.362
0.56,0.009103,986,0.85,62849.4662
0.56,0.009103,986,0.9,66546.4937
0.56,0.009103,986,0.95,70243.5211
0.56,0.009103,96,0.85,94722.1221
0.56,0.009103,96,0.9,100294.0116
0.56,0.009103,96,0.95,105865.9012
0.56,0.009103,753,0.85,65403.8746
0.56,0.009103,753,0.9,69251.1614
0.56,0.009103,753,0.95,73098.4481
0.56,0.009103,741,0.85,65562.632
0.56,0.009103,741,0.9,69419.2574
0.56,0.009103,741,0.95,73275.8828
0.56,0.009103,359,0.85,73618.531
0.56,0.009103,359,0.9,77949.0328
0.56,0.009103,359,0.95,82279.5346
0.56,0.009103,354,0.85,73793.876
0.56,0.009103,354,0.9,78134.6922
0.56,0.009103,354,0.95,82475.5085
0.56,0.009103,1437,0.85,59596.4548
0.56,0.009103,1437,0.9,63102.1286
0.56,0.009103,1437,0.95,66607.8025
0.56,0.009103,813,0.85,64656.6539
0.56,0.009103,813,0.9,68459.9865
0.56,0.009103,813,0.95,72263.3191
0.56,0.009103,279,0.85,76901.9542
0.56,0.009103,279,0.9,81425.5986
0.56,0.009103,279,0.95,85949.2429
0.56,0.009103,747,0.85,65482.8387
0.56,0.009103,747,0.9,69334.7704
0.56,0.009103,747,0.95,73186.7021
0.56,0.009103,363,0.85,73480.5877
0.56,0.009103,363,0.9,77802.9752
0.56,0.009103,363,0.95,82125.3627
0.56,0.009103,1439,0.85,59585.0651
0.56,0.009103,1439,0.9,63090.069
0.56,0.009103,1439,0.95,66595.0728
0.56,0.009103,675,0.85,66499.9221
0.56,0.009103,675,0.9,70411.6822
0.56,0.009103,675,0.95,74323.4423
0.56,0.009103,186,0.85,82836.4241
0.56,0.009103,186,0.9,87709.1549
0.56,0.009103,186,0.95,92581.8858
0.56,0.009103,57,0.85,106718.9789
0.56,0.009103,57,0.9,112996.5659
0.56,0.009103,57,0.95,119274.1529
0.56,0.009103,819,0.85,64585.881
0.56,0.009103,819,0.9,68385.0505
0.56,0.009103,819,0.95,72184.22
0.56,0.009103,706,0.85,66045.4666
0.56,0.009103,706,0.9,69930.4941
0.56,0.009103,706,0.95,73815.5215
0.56,0.009103,472,0.85,70355.5156
0.56,0.009103,472,0.9,74494.0754
0.56,0.009103,472,0.95,78632.6351
0.56,0.009103,354,0.85,73793.876
0.56,0.009103,354,0.9,78134.6922
0.56,0.009103,354,0.95,82475.5085
0.56,0.009103,891,0.85,63785.7499
0.56,0.009103,891,0.9,67537.8529
0.56,0.009103,891,0.95,71289.9558
0.56,0.009103,714,0.85,65932.3955
0.56,0.009103,714,0.9,69810.7717
0.56,0.009103,714,0.95,73689.1479
0.56,0.009103,1296,0.85,60454.5016
0.56,0.009103,1296,0.9,64010.6488
0.56,0.009103,1296,0.95,67566.7959
0.56,0.009103,3636,0.85,52851.6714
0.56,0.009103,3636,0.9,55960.5932
0.56,0.009103,3636,0.95,59069.5151
0.56,0.009103,762,0.85,65286.9498
0.56,0.009103,762,0.9,69127.3586
0.56,0.009103,762,0.95,72967.7674
0.56,0.009103,2283,0.85,56031.0398
0.56,0.009103,2283,0.9,59326.9833
0.56,0.009103,2283,0.95,62622.9268
0.56,0.009103,325,0.85,74880.5972
0.56,0.009103,325,0.9,79285.3382
0.56,0.009103,325,0.95,83690.0792
0.56,0.009103,42,0.85,115209.5923
0.56,0.009103,42,0.9,121986.6272
0.56,0.009103,42,0.95,128763.662
0.56,0.468392,765,0.85,3357154.5508
0.56,0.468392,765,0.9,3554634.2303
0.56,0.468392,765,0.95,3752113.9098
0.56,0.468392,102,0.85,4810523.9812
0.56,0.468392,102,0.9,5093495.9801
0.56,0.468392,102,0.95,5376467.979
0.56,0.468392,684,0.85,3414618.5896
0.56,0.468392,684,0.9,3615478.5066
0.56,0.468392,684,0.95,3816338.4236
0.56,0.468392,292,0.85,3925140.3925
0.56,0.468392,292,0.9,4156031.0038
0.56,0.468392,292,0.95,4386921.6152
0.56,0.468392,564,0.85,3518397.9945
0.56,0.468392,564,0.9,3725362.5824
0.56,0.468392,564,0.95,3932327.1704
0.56,0.468392,402,0.85,3716571.2146
0.56,0.468392,402,0.9,3935193.0507
0.56,0.468392,402,0.95,4153814.8869
0.56,0.468392,1086,0.85,3189087.5176
0.56,0.468392,1086,0.9,3376680.901
0.56,0.468392,1086,0.95,3564274.2844
0.56,0.468392,1586,0.85,3025330.1081
0.56,0.468392,1586,0.9,3203290.7026
0.56,0.468392,1586,0.95,3381251.2972
0.56,0.468392,1291,0.85,3112177.6762
0.56,0.468392,1291,0.9,3295246.9512
0.56,0.468392,1291,0.95,3478316.2263
0.56,0.468392,1119,0.85,3175503.2496
0.56,0.468392,1119,0.9,3362297.5584
0.56,0.468392,1119,0.95,3549091.8672
0.56,0.468392,453,0.85,3644184.4944
0.56,0.468392,453,0.9,3858548.2882
0.56,0.468392,453,0.95,4072912.0819
0.56,0.468392,1164,0.85,3157786.2156
0.56,0.468392,1164,0.9,3343538.3459
0.56,0.468392,1164,0.95,3529290.4763
0.56,0.468392,906,0.85,3273863.2279
0.56,0.468392,906,0.9,3466443.4178
0.56,0.468392,906,0.95,3659023.6076
0.56,0.468392,2202,0.85,2896428.2829
0.56,0.468392,2202,0.9,3066806.4172
0.56,0.468392,2202,0.95,3237184.5515
0.56,0.468392,1863,0.85,2960697.7189
0.56,0.468392,1863,0.9,3134856.4082
0.56,0.468392,1863,0.95,3309015.0976
0.56,0.468392,114,0.85,4698797.4414
0.56,0.468392,114,0.9,4975197.2908
0.56,0.468392,114,0.95,5251597.1403
0.56,0.468392,2508,0.85,2848301.1784
0.56,0.468392,2508,0.9,3015848.3066
0.56,0.468392,2508,0.95,3183395.4347
0.56,0.468392,1080,0.85,3191614.3894
0.56,0.468392,1080,0.9,3379356.4123
0.56,0.468392,1080,0.95,3567098.4352
0.56,0.468392,210,0.85,4165931.6051
0.56,0.468392,210,0.9,4410986.4054
0.56,0.468392,210,0.95,4656041.2057
0.56,0.468392,731,0.85,3380263.3209
0.56,0.468392,731,0.9,3579102.3398
0.56,0.468392,731,0.95,3777941.3587
0.56,0.468392,1941,0.85,2944667.8385
0.56,0.468392,1941,0.9,3117883.5938
0.56,0.468392,1941,0.95,3291099.349
0.56,0.468392,2097,0.85,2914921.3543
0.56,0.468392,2097,0.9,3086387.3163
0.56,0.468392,2097,0.95,3257853.2783
0.56,0.468392,249,0.85,4037966.6316
0.56,0.468392,249,0.9,4275494.0805
0.56,0.468392,249,0.95,4513021.5295
0.56,0.468392,986,0.85,3233726.1706
0.56,0.468392,986,0.9,3423945.3571
0.56,0.468392,986,0.95,3614164.5436
0.56,0.468392,96,0.85,4873635.7442
0.56,0.468392,96,0.9,5160320.1997
0.56,0.468392,96,0.95,5447004.6553
0.56,0.468392,753,0.85,3365155.406
0.56,0.468392,753,0.9,3563105.724
0.56,0.468392,753,0.95,3761056.042
0.56,0.468392,741,0.85,3373323.7757
0.56,0.468392,741,0.9,3571754.5861
0.56,0.468392,741,0.95,3770185.3964
0.56,0.468392,359,0.85,3787815.3062
0.56,0.468392,359,0.9,4010627.9713
0.56,0.468392,359,0.95,4233440.6363
0.56,0.468392,354,0.85,3796837.1452
0.56,0.468392,354,0.9,4020180.5067
0.56,0.468392,354,0.95,4243523.8682
0.56,0.468392,1437,0.85,3066352.4636
0.56,0.468392,1437,0.9,3246726.1379
0.56,0.468392,1437,0.95,3427099.8123
0.56,0.468392,813,0.85,3326709.4591
0.56,0.468392,813,0.9,3522398.2508
0.56,0.468392,813,0.95,3718087.0425
0.56,0.468392,279,0.85,3956753.7591
0.56,0.468392,279,0.9,4189503.9802
0.56,0.468392,279,0.95,4422254.2014
0.56,0.468392,747,0.85,3369218.2595
0.56,0.468392,747,0.9,3567407.5689
0.56,0.468392,747,0.95,3765596.8783
0.56,0.468392,363,0.85,3780717.8589
0.56,0.468392,363,0.9,4003113.0271
0.56,0.468392,363,0.95,4225508.1953
0.56,0.468392,1439,0.85,3065766.4419
0.56,0.468392,1439,0.9,3246105.6444
0.56,0.468392,1439,0.95,3426444.8468
0.56,0.468392,675,0.85,3421549.1598
0.56,0.468392,675,0.9,3622816.7574
0.56,0.468392,675,0.95,3824084.355
0.56,0.468392,186,0.85,4262093.6741
0.56,0.468392,186,0.9,4512805.0666
0.56,0.468392,186,0.95,4763516.4592
0.56,0.468392,57,0.85,5490897.1475
0.56,0.468392,57,0.9,5813891.0973
0.56,0.468392,57,0.95,6136885.0472
0.56,0.468392,819,0.85,3323068.0579
0.56,0.468392,819,0.9,3518542.6496
0.56,0.468392,819,0.95,3714017.2412
0.56,0.468392,706,0.85,3398166.5503
0.56,0.468392,706,0.9,3598058.7003
0.56,0.468392,706,0.95,3797950.8503
0.56,0.468392,472,0.85,3619926.8785
0.56,0.468392,472,0.9,3832863.7537
0.56,0.468392,472,0.95,4045800.6289
0.56,0.468392,354,0.85,3796837.1452
0.56,0.468392,354,0.9,4020180.5067
0.56,0.468392,354,0.95,4243523.8682
0.56,0.468392,891,0.85,3281899.7709
0.56,0.468392,891,0.9,3474952.6986
0.56,0.468392,891,0.95,3668005.6263
0.56,0.468392,714,0.85,3392348.8224
0.56,0.468392,714,0.9,3591898.7531
0.56,0.468392,714,0.95,3791448.6839
0.56,0.468392,1296,0.85,3110500.6245
0.56,0.468392,1296,0.9,3293471.2495
0.56,0.468392,1296,0.95,3476441.8744
0.56,0.468392,3636,0.85,2719320.3556
0.56,0.468392,3636,0.9,2879280.3765
0.56,0.468392,3636,0.95,3039240.3974
0.56,0.468392,762,0.85,3359139.3975
0.56,0.468392,762,0.9,3556735.8326
0.56,0.468392,762,0.95,3754332.2678
0.56,0.468392,2283,0.85,2882904.9883
0.56,0.468392,2283,0.9,3052487.6347
0.56,0.468392,2283,0.95,3222070.281
0.56,0.468392,325,0.85,3852751.0469
0.56,0.468392,325,0.9,4079383.4614
0.56,0.468392,325,0.95,4306015.8759
0.56,0.468392,42,0.85,5927755.5723
0.56,0.468392,42,0.9,6276447.0765
0.56,0.468392,42,0.95,6625138.5808
0.56,0.043619,765,0.85,312637.2118
0.56,0.043619,765,0.9,331027.6361
0.56,0.043619,765,0.95,349418.0603
0.56,0.043619,102,0.85,447983.19
0.56,0.043619,102,0.9,474335.1423
0.56,0.043619,102,0.95,500687.0947
0.56,0.043619,684,0.85,317988.588
0.56,0.043619,684,0.9,336693.7991
0.56,0.043619,684,0.95,355399.0101
0.56,0.043619,292,0.85,365531.2646
0.56,0.043619,292,0.9,387033.1037
0.56,0.043619,292,0.95,408534.9428
0.56,0.043619,564,0.85,327653.1129
0.56,0.043619,564,0.9,346926.8255
0.56,0.043619,564,0.95,366200.538
0.56,0.043619,402,0.85,346108.1236
0.56,0.043619,402,0.9,366467.425
0.56,0.043619,402,0.95,386826.7264
0.56,0.043619,1086,0.85,296985.8595
0.56,0.043619,1086,0.9,314455.616
0.56,0.043619,1086,0.95,331925.3724
0.56,0.043619,1586,0.85,281735.8437
0.56,0.043619,1586,0.9,298308.5404
0.56,0.043619,1586,0.95,314881.2371
0.56,0.043619,1291,0.85,289823.5803
0.56,0.043619,1291,0.9,306872.0262
0.56,0.043619,1291,0.95,323920.4721
0.56,0.043619,1119,0.85,295720.8157
0.56,0.043619,1119,0.9,313116.1578
0.56,0.043619,1119,0.95,330511.4999
0.56,0.043619,453,0.85,339367.0629
0.56,0.043619,453,0.9,359329.8314
0.56,0.043619,453,0.95,379292.5998
0.56,0.043619,1164,0.85,294070.9053
0.56,0.043619,1164,0.9,311369.1939
0.56,0.043619,1164,0.95,328667.4824
0.56,0.043619,906,0.85,304880.653
0.56,0.043619,906,0.9,322814.809
0.56,0.043619,906,0.95,340748.9651
0.56,0.043619,2202,0.85,269731.777
0.56,0.043619,2202,0.9,285598.3521
0.56,0.043619,2202,0.95,301464.9272
0.56,0.043619,1863,0.85,275716.9102
0.56,0.043619,1863,0.9,291935.552
0.56,0.043619,1863,0.95,308154.1938
0.56,0.043619,114,0.85,437578.5829
0.56,0.043619,114,0.9,463318.4996
0.56,0.043619,114,0.95,489058.4162
0.56,0.043619,2508,0.85,265249.9089
0.56,0.043619,2508,0.9,280852.8448
0.56,0.043619,2508,0.95,296455.7806
0.56,0.043619,1080,0.85,297221.1761
0.56,0.043619,1080,0.9,314704.7747
0.56,0.043619,1080,0.95,332188.3733
0.56,0.043619,210,0.85,387955.1037
0.56,0.043619,210,0.9,410775.9921
0.56,0.043619,210,0.95,433596.8806
0.56,0.043619,731,0.85,314789.2312
0.56,0.043619,731,0.9,333306.2448
0.56,0.043619,731,0.95,351823.2584
0.56,0.043619,1941,0.85,274224.1172
0.56,0.043619,1941,0.9,290354.9476
0.56,0.043619,1941,0.95,306485.778
0.56,0.043619,2097,0.85,271453.9564
0.56,0.043619,2097,0.9,287421.8362
0.56,0.043619,2097,0.95,303389.7159
0.56,0.043619,249,0.85,376038.2819
0.56,0.043619,249,0.9,398158.1808
0.56,0.043619,249,0.95,420278.0797
0.56,0.043619,986,0.85,301142.8633
0.56,0.043619,986,0.9,318857.1493
0.56,0.043619,986,0.95,336571.4354
0.56,0.043619,96,0.85,453860.5142
0.56,0.043619,96,0.9,480558.1915
0.56,0.043619,96,0.95,507255.8688
0.56,0.043619,753,0.85,313382.2967
0.56,0.043619,753,0.9,331816.5495
0.56,0.043619,753,0.95,350250.8022
0.56,0.043619,741,0.85,314142.9815
0.56,0.043619,741,0.9,332621.9804
0.56,0.043619,741,0.95,351100.9793
0.56,0.043619,359,0.85,352742.7762
0.56,0.043619,359,0.9,373492.3512
0.56,0.043619,359,0.95,394241.9263
0.56,0.043619,354,0.85,353582.9408
0.56,0.043619,354,0.9,374381.9374
0.56,0.043619,354,0.95,395180.9339
0.56,0.043619,1437,0.85,285556.0774
0.56,0.043619,1437,0.9,302353.4937
0.56,0.043619,1437,0.95,319150.91
0.56,0.043619,813,0.85,309801.9928
0.56,0.043619,813,0.9,328025.6394
0.56,0.043619,813,0.95,346249.286
0.56,0.043619,279,0.85,368475.28
0.56,0.043619,279,0.9,390150.2965
0.56,0.043619,279,0.95,411825.313
0.56,0.043619,747,0.85,313760.6526
0.56,0.043619,747,0.9,332217.1616
0.56,0.043619,747,0.95,350673.6706
0.56,0.043619,363,0.85,352081.8218
0.56,0.043619,363,0.9,372792.5172
0.56,0.043619,363,0.95,393503.2126
0.56,0.043619,1439,0.85,285501.5037
0.56,0.043619,1439,0.9,302295.7098
0.56,0.043619,1439,0.95,319089.916
0.56,0.043619,675,0.85,318634.0019
0.56,0.043619,675,0.9,337377.1785
0.56,0.043619,675,0.95,356120.3551
0.56,0.043619,186,0.85,396910.2592
0.56,0.043619,186,0.9,420257.9215
0.56,0.043619,186,0.95,443605.5838
0.56,0.043619,57,0.85,511343.3858
0.56,0.043619,57,0.9,541422.4085
0.56,0.043619,57,0.95,571501.4312
0.56,0.043619,819,0.85,309462.8849
0.56,0.043619,819,0.9,327666.584
0.56,0.043619,819,0.95,345870.2831
0.56,0.043619,706,0.85,316456.4811
0.56,0.043619,706,0.9,335071.5682
0.56,0.043619,706,0.95,353686.6553
0.56,0.043619,472,0.85,337108.0566
0.56,0.043619,472,0.9,356937.9423
0.56,0.043619,472,0.95,376767.828
0.56,0.043619,354,0.85,353582.9408
0.56,0.043619,354,0.9,374381.9374
0.56,0.043619,354,0.95,395180.9339
0.56,0.043619,891,0.85,305629.0613
0.56,0.043619,891,0.9,323607.2414
0.56,0.043619,891,0.95,341585.4214
0.56,0.043619,714,0.85,315914.7014
0.56,0.043619,714,0.9,334497.9191
0.56,0.043619,714,0.95,353081.1368
0.56,0.043619,1296,0.85,289667.4037
0.56,0.043619,1296,0.9,306706.6628
0.56,0.043619,1296,0.95,323745.9218
0.56,0.043619,3636,0.85,253238.4855
0.56,0.043619,3636,0.9,268134.867
0.56,0.043619,3636,0.95,283031.2485
0.56,0.043619,762,0.85,312822.052
0.56,0.043619,762,0.9,331223.3492
0.56,0.043619,762,0.95,349624.6463
0.56,0.043619,2283,0.85,268472.4114
0.56,0.043619,2283,0.9,284264.9061
0.56,0.043619,2283,0.95,300057.4009
0.56,0.043619,325,0.85,358789.9595
0.56,0.043619,325,0.9,379895.2512
0.56,0.043619,325,0.95,401000.5429
0.56,0.043619,42,0.85,552026.1122
0.56,0.043619,42,0.9,584498.2364
0.56,0.043619,42,0.95,616970.3606
0.56,0.134104,765,0.85,961179.7971
0.56,0.134104,765,0.9,1017719.7851
0.56,0.134104,765,0.95,1074259.7732
0.56,0.134104,102,0.85,1377290.9153
0.56,0.134104,102,0.9,1458308.0279
0.56,0.134104,102,0.95,1539325.1406
0.56,0.134104,684,0.85,977632.2041
0.56,0.134104,684,0.9,1035139.9808
0.56,0.134104,684,0.95,1092647.7575
0.56,0.134104,292,0.85,1123798.6184
0.56,0.134104,292,0.9,1189904.4195
0.56,0.134104,292,0.95,1256010.2205
0.56,0.134104,564,0.85,1007345.0653
0.56,0.134104,564,0.9,1066600.6574
0.56,0.134104,564,0.95,1125856.2495
0.56,0.134104,402,0.85,1064083.6195
0.56,0.134104,402,0.9,1126676.7736
0.56,0.134104,402,0.95,1189269.9277
0.56,0.134104,1086,0.85,913060.8813
0.56,0.134104,1086,0.9,966770.3449
0.56,0.134104,1086,0.95,1020479.8086
0.56,0.134104,1586,0.85,866175.8448
0.56,0.134104,1586,0.9,917127.3651
0.56,0.134104,1586,0.95,968078.8854
0.56,0.134104,1291,0.85,891040.9878
0.56,0.134104,1291,0.9,943455.1636
0.56,0.134104,1291,0.95,995869.3393
0.56,0.134104,1119,0.85,909171.5984
0.56,0.134104,1119,0.9,962652.2806
0.56,0.134104,1119,0.95,1016132.9629
0.56,0.134104,453,0.85,1043358.7312
0.56,0.134104,453,0.9,1104732.7743
0.56,0.134104,453,0.95,1166106.8173
0.56,0.134104,1164,0.85,904099.072
0.56,0.134104,1164,0.9,957281.3703
0.56,0.134104,1164,0.95,1010463.6687
0.56,0.134104,906,0.85,937332.8351
0.56,0.134104,906,0.9,992470.0607
0.56,0.134104,906,0.95,1047607.2863
0.56,0.134104,2202,0.85,829270.2367
0.56,0.134104,2202,0.9,878050.8389
0.56,0.134104,2202,0.95,926831.4411
0.56,0.134104,1863,0.85,847671.0826
0.56,0.134104,1863,0.9,897534.0875
0.56,0.134104,1863,0.95,947397.0923
0.56,0.134104,114,0.85,1345302.7267
0.56,0.134104,114,0.9,1424438.1812
0.56,0.134104,114,0.95,1503573.6357
0.56,0.134104,2508,0.85,815491.0676
0.56,0.134104,2508,0.9,863461.1304
0.56,0.134104,2508,0.95,911431.1932
0.56,0.134104,1080,0.85,913784.3446
0.56,0.134104,1080,0.9,967536.3649
0.56,0.134104,1080,0.95,1021288.3852
0.56,0.134104,210,0.85,1192739.0396
0.56,0.134104,210,0.9,1262900.1596
0.56,0.134104,210,0.95,1333061.2795
0.56,0.134104,731,0.85,967796.02
0.56,0.134104,731,0.9,1024725.1976
0.56,0.134104,731,0.95,1081654.3753
0.56,0.134104,1941,0.85,843081.6016
0.56,0.134104,1941,0.9,892674.637
0.56,0.134104,1941,0.95,942267.6723
0.56,0.134104,2097,0.85,834564.9488
0.56,0.134104,2097,0.9,883657.0046
0.56,0.134104,2097,0.95,932749.0604
0.56,0.134104,249,0.85,1156101.6595
0.56,0.134104,249,0.9,1224107.6395
0.56,0.134104,249,0.95,1292113.6195
0.56,0.134104,986,0.85,925841.2794
0.56,0.134104,986,0.9,980302.5311
0.56,0.134104,986,0.95,1034763.7828
0.56,0.134104,96,0.85,1395360.3102
0.56,0.134104,96,0.9,1477440.3285
0.56,0.134104,96,0.95,1559520.3467
0.56,0.134104,753,0.85,963470.5049
0.56,0.134104,753,0.9,1020145.2405
0.56,0.134104,753,0.95,1076819.9761
0.56,0.134104,741,0.85,965809.1735
0.56,0.134104,741,0.9,1022621.4779
0.56,0.134104,741,0.95,1079433.7822
0.56,0.134104,359,0.85,1084481.3643
0.56,0.134104,359,0.9,1148274.3857
0.56,0.134104,359,0.95,1212067.4071
0.56,0.134104,354,0.85,1087064.3878
0.56,0.134104,354,0.9,1151009.3518
0.56,0.134104,354,0.95,1214954.3158
0.56,0.134104,1437,0.85,877920.8684
0.56,0.134104,1437,0.9,929563.2724
0.56,0.134104,1437,0.95,981205.6765
0.56,0.134104,813,0.85,952463.1274
0.56,0.134104,813,0.9,1008490.3702
0.56,0.134104,813,0.95,1064517.613
0.56,0.134104,279,0.85,1132849.7743
0.56,0.134104,279,0.9,1199487.9963
0.56,0.134104,279,0.95,1266126.2183
0.56,0.134104,747,0.85,964633.7319
0.56,0.134104,747,0.9,1021376.8926
0.56,0.134104,747,0.95,1078120.0533
0.56,0.134104,363,0.85,1082449.3092
0.56,0.134104,363,0.9,1146122.798
0.56,0.134104,363,0.95,1209796.2867
0.56,0.134104,1439,0.85,877753.0858
0.56,0.134104,1439,0.9,929385.6202
0.56,0.134104,1439,0.95,981018.1547
0.56,0.134104,675,0.85,979616.4809
0.56,0.134104,675,0.9,1037240.9798
0.56,0.134104,675,0.95,1094865.4787
0.56,0.134104,186,0.85,1220270.9975
0.56,0.134104,186,0.9,1292051.6445
0.56,0.134104,186,0.95,1363832.2914
0.56,0.134104,57,0.85,1572087.113
0.56,0.134104,57,0.9,1664562.8256
0.56,0.134104,57,0.95,1757038.5381
0.56,0.134104,819,0.85,951420.5656
0.56,0.134104,819,0.9,1007386.4812
0.56,0.134104,819,0.95,1063352.3968
0.56,0.134104,706,0.85,972921.8556
0.56,0.134104,706,0.9,1030152.553
0.56,0.134104,706,0.95,1087383.2504
0.56,0.134104,472,0.85,1036413.5847
0.56,0.134104,472,0.9,1097379.0897
0.56,0.134104,472,0.95,1158344.5947
0.56,0.134104,354,0.85,1087064.3878
0.56,0.134104,354,0.9,1151009.3518
0.56,0.134104,354,0.95,1214954.3158
0.56,0.134104,891,0.85,939633.7607
0.56,0.134104,891,0.9,994906.3348
0.56,0.134104,891,0.95,1050178.909
0.56,0.134104,714,0.85,971256.1943
0.56,0.134104,714,0.9,1028388.9116
0.56,0.134104,714,0.95,1085521.6289
0.56,0.134104,1296,0.85,890560.8347
0.56,0.134104,1296,0.9,942946.7662
0.56,0.134104,1296,0.95,995332.6976
0.56,0.134104,3636,0.85,778562.8418
0.56,0.134104,3636,0.9,824360.656
0.56,0.134104,3636,0.95,870158.4703
0.56,0.134104,762,0.85,961748.0743
0.56,0.134104,762,0.9,1018321.4904
0.56,0.134104,762,0.95,1074894.9066
0.56,0.134104,2283,0.85,825398.411
0.56,0.134104,2283,0.9,873951.2587
0.56,0.134104,2283,0.95,922504.1064
0.56,0.134104,325,0.85,1103072.9784
0.56,0.134104,325,0.9,1167959.6242
0.56,0.134104,325,0.95,1232846.27
0.56,0.134104,42,0.85,1697163.1218
0.56,0.134104,42,0.9,1796996.2466
0.56,0.134104,42,0.95,1896829.3714
0.56,0.002106,765,0.85,15093.7554
0.56,0.002106,765,0.9,15981.6234
0.56,0.002106,765,0.95,16869.4914
0.56,0.002106,102,0.85,21628.0995
0.56,0.002106,102,0.9,22900.3406
0.56,0.002106,102,0.95,24172.5818
0.56,0.002106,684,0.85,15352.1136
0.56,0.002106,684,0.9,16255.1791
0.56,0.002106,684,0.95,17158.2446
0.56,0.002106,292,0.85,17647.4179
0.56,0.002106,292,0.9,18685.5013
0.56,0.002106,292,0.95,19723.5847
0.56,0.002106,564,0.85,15818.7054
0.56,0.002106,564,0.9,16749.2175
0.56,0.002106,564,0.95,17679.7296
0.56,0.002106,402,0.85,16709.6915
0.56,0.002106,402,0.9,17692.6146
0.56,0.002106,402,0.95,18675.5376
0.56,0.002106,1086,0.85,14338.1266
0.56,0.002106,1086,0.9,15181.5459
0.56,0.002106,1086,0.95,16024.9651
0.56,0.002106,1586,0.85,13601.8739
0.56,0.002106,1586,0.9,14401.9841
0.56,0.002106,1586,0.95,15202.0943
0.56,0.002106,1291,0.85,13992.3403
0.56,0.002106,1291,0.9,14815.4191
0.56,0.002106,1291,0.95,15638.4979
0.56,0.002106,1119,0.85,14277.0518
0.56,0.002106,1119,0.9,15116.8784
0.56,0.002106,1119,0.95,15956.705
0.56,0.002106,453,0.85,16384.2411
0.56,0.002106,453,0.9,17348.02
0.56,0.002106,453,0.95,18311.7989
0.56,0.002106,1164,0.85,14197.3961
0.56,0.002106,1164,0.9,15032.537
0.56,0.002106,1164,0.95,15867.678
0.56,0.002106,906,0.85,14719.2779
0.56,0.002106,906,0.9,15585.1178
0.56,0.002106,906,0.95,16450.9577
0.56,0.002106,2202,0.85,13022.3317
0.56,0.002106,2202,0.9,13788.3512
0.56,0.002106,2202,0.95,14554.3707
0.56,0.002106,1863,0.85,13311.2869
0.56,0.002106,1863,0.9,14094.3038
0.56,0.002106,1863,0.95,14877.3206
0.56,0.002106,114,0.85,21125.7773
0.56,0.002106,114,0.9,22368.4701
0.56,0.002106,114,0.95,23611.1629
0.56,0.002106,2508,0.85,12805.9524
0.56,0.002106,2508,0.9,13559.2437
